"Year","State","Coal","Oil","Gas","Residential","Commercial","Industry","Transport","Electricity"
1980,"Alabama",61.5,30.5,14.8,3.6,2.6,31.7,24.8,44.1
1980,"Alaska",0.4,9.1,8.1,0.9,1.3,6.7,6.4,2.3
1980,"Arizona",22.9,20.4,9.2,1.7,1.7,5.3,18.5,25.3
1980,"Arkansas",3.4,20,14.5,3.1,2.1,10.8,14.3,7.6
1980,"California",6.1,242.1,100.3,30.4,20.2,65.9,170.9,61.1
1980,"Colorado",23.2,21.7,13,4.9,3.9,10.6,17.7,20.8
1980,"Connecticut",0,37,3.9,7.6,3.1,6.3,13.2,10.7
1980,"Delaware",2.6,13.4,1.7,1.1,2.6,4.2,3.9,5.9
1980,"District of Columbia",0.4,3.5,1.4,1.1,1.2,0.3,1.9,0.8
1980,"Florida",21.1,119.8,17.5,2.3,4.5,19,68.2,64.4
1980,"Georgia",48.8,46.9,17.2,5.9,3.7,16.2,39.1,48
1980,"Hawaii",0,18.2,0,0,0.3,1.9,10.5,5.5
1980,"Idaho",1,7.7,2.7,0.8,0.9,3.9,5.8,0
1980,"Illinois",79,96.5,57.1,27.7,14.9,57.6,57.9,74.5
1980,"Indiana",107.6,50.2,25.7,12,6.4,65,31.4,68.7
1980,"Iowa",21.9,22.8,14.4,6.5,3.4,13.2,16.7,19.3
1980,"Kansas",18,23.9,25.6,5.1,3.4,17.2,19,22.8
1980,"Kentucky",60,32.2,10.8,5.7,4.2,17.8,22.7,52.6
1980,"Louisiana",0.2,104.4,96.3,4.2,9.4,113.7,46.1,27.5
1980,"Maine",0.2,14.3,0,2.9,1.2,2.7,5.9,1.8
1980,"Maryland",21.9,36.9,8.5,7.9,3.5,14.6,22.8,18.5
1980,"Massachusetts",2.1,66.8,8.9,14.6,8.5,4.6,25.3,24.8
1980,"Michigan",70.9,62.5,46.5,26,12.7,41.4,43.8,56
1980,"Minnesota",22.8,33.6,15.2,8.9,4.5,13.3,23.4,21.5
1980,"Mississippi",7,26.3,14.3,2.1,3,9.9,18.1,14.5
1980,"Missouri",49.8,37.4,17.1,9.4,5.3,13.1,29.1,47.4
1980,"Montana",5.6,11.1,3.3,1.4,1,5.8,6.3,5.5
1980,"Nebraska",8.8,13,8.5,3,2.5,5.9,9.9,9
1980,"Nevada",8.7,10.3,3.3,0.9,0.8,1.1,8.3,11.2
1980,"New Hampshire",2.7,9.6,0.4,1.9,0.9,0.9,4.1,4.9
1980,"New Jersey",6.4,88.1,18,17.8,12.8,23.1,40.8,18
1980,"New Mexico",19,13.6,12.3,1.9,1.9,7.1,11.8,22.2
1980,"New York",29.2,155.2,39.8,35.5,28.7,34.5,71.8,53.7
1980,"North Carolina",58.5,45.6,8.2,6.6,3.2,15.7,31.5,55.3
1980,"North Dakota",15.2,8.6,1.2,1.1,1.2,3.1,5.2,14.4
1980,"Ohio",142.5,87.2,44.7,24.1,11.5,77.7,55.8,105.3
1980,"Oklahoma",10,28.2,39.2,4.5,2.9,20.8,21.5,27.7
1980,"Oregon",1.1,22.8,4.3,2,2.2,6.3,17,0.7
1980,"Pennsylvania",152.1,100.5,42,29.5,12.7,88.5,57.7,106.2
1980,"Rhode Island",0,6.9,1.5,2.1,0.8,0.9,3.7,0.9
1980,"South Carolina",23.1,24.6,7.8,2.6,2.2,12.9,17.7,20.1
1980,"South Dakota",3.4,6.8,1.3,1.2,0.7,1.9,4.5,3.2
1980,"Tennessee",54.1,33.9,12.4,3.2,3.6,17.2,28.8,47.6
1980,"Texas",68.7,211.5,214.2,13.7,14.7,195,128.6,142.4
1980,"Utah",15.6,13.6,6.6,3.5,1.4,11,9,10.9
1980,"Vermont",0,4.3,0.2,1.2,0.4,0.5,2.4,0
1980,"Virginia",21.6,52.3,8.4,7,3.6,16.7,34.3,20.7
1980,"Washington",8.6,41.5,7.3,3.4,2.9,13.4,30,7.7
1980,"West Virginia",80.1,15,7.8,3.5,1.7,22.4,10.2,65.1
1980,"Wisconsin",30.7,32.3,18.7,10.9,5.1,16,23.2,26.5
1980,"Wyoming",25.1,11.8,3.8,0.6,0.7,10.8,6.2,22.4
1981,"Alabama",58.8,29.6,15,3.4,2.5,29.3,24.2,44
1981,"Alaska",1.2,9.4,6.5,0.9,1.8,4.8,7.2,2.4
1981,"Arizona",29.9,19.4,10.2,1.6,1.7,6.5,18.7,31
1981,"Arkansas",9.5,19.4,14.1,2.7,1.8,11.6,14.7,12.2
1981,"California",7.2,226.5,103.3,28.1,21.5,58.7,169.3,59.4
1981,"Colorado",26,19.9,10.8,4.3,3.5,8.3,17.6,23
1981,"Connecticut",0.1,31.8,4.1,7.5,3.1,3.4,12.9,9.1
1981,"Delaware",4.7,10,1.7,1,1.5,2.8,3.7,7.4
1981,"District of Columbia",0.2,2.9,1.5,0.8,1.2,0.2,2,0.4
1981,"Florida",22.2,117.2,19,2.2,4.6,15.3,68.2,68.1
1981,"Georgia",51.8,44.6,17.3,5.8,4.1,15.4,38.6,49.8
1981,"Hawaii",0,16.4,0,0,0.2,1.8,8.9,5.5
1981,"Idaho",0.8,6.7,2.5,0.6,0.5,3.5,5.4,0
1981,"Illinois",74.5,84.5,56,26.8,15.1,48.8,55.3,69
1981,"Indiana",106.9,45.3,25.9,11.2,4.9,64.2,31.8,66
1981,"Iowa",23.7,21.1,13.5,6.1,3.3,12.6,15.7,20.6
1981,"Kansas",20,21.7,22.3,4.3,3,15.1,18,23.6
1981,"Kentucky",62.2,28.6,10.8,4.9,3.4,14.9,22.6,55.8
1981,"Louisiana",2.2,100.6,95.6,4.7,11.2,108.9,46.8,26.8
1981,"Maine",0.3,14.2,0.1,2.4,1.2,3.2,5.9,1.9
1981,"Maryland",19.5,33.9,9.3,7.1,2.7,13.9,23.2,15.8
1981,"Massachusetts",2.5,62.3,8.7,12.9,6.8,5.8,25.4,22.6
1981,"Michigan",70.7,56,43.1,23.9,11.3,37.2,42.2,55.2
1981,"Minnesota",22.9,29.9,14,7.9,4.3,11.2,22.3,21.1
1981,"Mississippi",7.7,24.2,13.2,2,2.7,9.8,17.7,12.9
1981,"Missouri",50.3,35.8,15.2,8.6,4.8,12.7,28.2,47
1981,"Montana",5.9,9.5,2.7,1.1,0.9,4.7,5.9,5.5
1981,"Nebraska",9.3,12,7,2.7,2.3,5.3,9.2,8.8
1981,"Nevada",10.5,9.1,4.1,0.9,0.7,1.2,8.2,12.7
1981,"New Hampshire",2.3,8.8,0.5,1.9,0.7,0.7,4,4.3
1981,"New Jersey",7,80.7,20.8,18,10.8,18.9,44.3,16.5
1981,"New Mexico",18.5,14.6,10.9,1.6,1.7,6.3,13.1,21.3
1981,"New York",28.8,137.7,40.9,34.4,22.7,29.9,67.2,53.2
1981,"North Carolina",61.5,42.5,8.1,5.6,2.9,14.4,31.8,57.4
1981,"North Dakota",16.2,8.6,1.9,1.1,1,4.1,5.1,15.4
1981,"Ohio",143.2,80.3,43.4,22.6,11,75.4,54.1,103.8
1981,"Oklahoma",14.7,28.5,36.9,4.3,2.6,20.9,23,29.3
1981,"Oregon",2.5,23,4.2,2.2,1.9,5.8,17.9,1.9
1981,"Pennsylvania",139.2,90.1,42,27.5,13.7,77.3,54.6,98.2
1981,"Rhode Island",0,6.2,1.6,1.9,0.7,0.9,3.6,0.7
1981,"South Carolina",24.9,22.9,7.8,2.1,1.8,12.9,17.5,21.3
1981,"South Dakota",3.4,6.2,1.1,1,0.7,1.8,4.2,3
1981,"Tennessee",53.2,33.3,12,3.1,3.4,18.5,28.7,44.8
1981,"Texas",80.4,195.7,205.1,12.9,14.9,175.4,130.1,147.9
1981,"Utah",16.4,11.4,5.8,3.3,0.5,10.2,8.7,10.9
1981,"Vermont",0,4.2,0.2,1.1,0.4,0.5,2.4,0
1981,"Virginia",24.7,45.6,8.2,5.9,3.2,16.2,34.5,18.7
1981,"Washington",8.4,41.6,6.9,3.1,2.7,14.4,29.2,7.5
1981,"West Virginia",82,14,8.1,3.3,2,20.1,9.9,68.8
1981,"Wisconsin",30.7,30.2,17.3,9.9,4.3,15.1,22.6,26.3
1981,"Wyoming",29.9,11,4,0.7,0.7,10.2,6.3,27
1982,"Alabama",47.7,29.5,13.4,3.3,2.2,26.2,23.6,35.3
1982,"Alaska",1.2,10.5,12.7,1.2,2.3,11,7.3,2.6
1982,"Arizona",31.6,19.1,7.5,1.8,1.8,5.8,18.2,30.6
1982,"Arkansas",11.8,18.9,12.1,2.8,1.9,10.4,14.7,13
1982,"California",6.4,199.9,93.5,30.8,18.7,52.3,160.2,37.8
1982,"Colorado",25.9,20.6,11.5,4.9,3.9,7.2,18.3,23.7
1982,"Connecticut",0.1,31.6,4.2,7.2,3.1,3.8,13.2,8.6
1982,"Delaware",4.5,8.6,1.6,1,1,2.8,3.5,6.4
1982,"District of Columbia",0.2,3.3,1.6,0.9,1.4,0.1,2.6,0.1
1982,"Florida",22.5,101.3,17.9,1.7,3.2,11.5,66.9,58.4
1982,"Georgia",50.3,43.9,16.1,5.4,3.9,14.3,38.6,48.1
1982,"Hawaii",0.1,14.9,0,0,0.2,2.3,7.3,5.2
1982,"Idaho",0.9,6.6,2.3,0.6,0.7,3.2,5.3,0
1982,"Illinois",73,78,53,26.7,14.6,42.7,53.8,66.2
1982,"Indiana",93.9,42,25,11.4,5.6,50.5,30.6,62.8
1982,"Iowa",22.9,21.8,12.7,6.6,3.6,11.6,15.8,19.8
1982,"Kansas",19.9,22,21.4,4.9,3.2,15.2,17.4,22.6
1982,"Kentucky",58.9,28.1,10.1,4.7,3.1,14.4,22.3,52.6
1982,"Louisiana",6,92.6,84.5,4,10.6,100.6,41.1,26.8
1982,"Maine",0.6,17,0.1,2.3,1.2,6.5,6.1,1.6
1982,"Maryland",20.2,32.3,8.4,6.7,3,12,22.4,16.8
1982,"Massachusetts",8.5,58.2,9.7,13,7.9,5.6,25.7,24.2
1982,"Michigan",66.5,51.1,40.4,23.4,11.1,33.2,39.7,50.6
1982,"Minnesota",19.9,31.1,14,9.1,4.9,11.1,21.7,18.2
1982,"Mississippi",9.4,21.3,14.6,1.9,1.2,10.9,17.4,13.9
1982,"Missouri",49.1,36.7,14.9,8.9,4.9,11.8,28.7,46.4
1982,"Montana",4.5,8.7,2.8,1.4,1.1,3.7,5.7,4.1
1982,"Nebraska",9.1,12.7,7.2,3.2,2.5,5.1,9.5,8.7
1982,"Nevada",13.8,8.8,2.7,1.1,0.6,1.3,8,14.3
1982,"New Hampshire",2.5,8.2,0.5,1.8,0.8,0.9,4,3.7
1982,"New Jersey",7.3,82.7,20,16.4,9.9,17.7,51.4,14.6
1982,"New Mexico",21.2,12.6,11.3,1.8,1.6,6.4,11.8,23.5
1982,"New York",26.9,128.3,41.9,33.5,25.8,26.1,60.1,51.6
1982,"North Carolina",58.5,41.5,7.8,5.2,2.6,13.8,31.8,54.4
1982,"North Dakota",18.6,8.3,1.5,1.1,1,3.5,5.2,17.6
1982,"Ohio",130.1,74.5,40.9,21.7,10.6,61.4,52,99.8
1982,"Oklahoma",19.1,29,36.7,4.8,2.8,21.5,24.2,31.5
1982,"Oregon",1.1,23.8,3.9,2,2.2,5.8,18,0.8
1982,"Pennsylvania",120.7,82.1,37.6,25.5,13,53.7,51.3,96.9
1982,"Rhode Island",0,5.9,1.5,1.9,0.7,0.8,3.6,0.4
1982,"South Carolina",25.4,21.2,5.4,1.9,1.4,11,17.5,20.2
1982,"South Dakota",3.4,6.6,1.3,1.2,0.7,2.1,4.4,2.9
1982,"Tennessee",44.2,32,11.3,3,3.2,16.4,28.1,36.8
1982,"Texas",87.4,193.7,177.7,13.3,14.5,146.1,133.8,151.1
1982,"Utah",14.9,11.2,6,2.5,1.7,8.3,8.7,10.9
1982,"Vermont",0.1,3.7,0.2,0.8,0.3,0.5,2.3,0.1
1982,"Virginia",24.4,42.2,8.2,5.5,3.7,15.2,33.1,17.3
1982,"Washington",6.9,40.2,6,3.3,3.5,13.3,27.2,5.8
1982,"West Virginia",75.7,13.1,7.1,3.1,1.7,17.6,9.5,64
1982,"Wisconsin",30.4,30,16.6,10.3,4.5,15,21.5,25.7
1982,"Wyoming",31.2,10,4.8,1,1.1,9.8,5.6,28.5
1983,"Alabama",49.9,27.7,12.2,3.5,2.6,22,22.9,38.8
1983,"Alaska",1.2,12.1,12.8,1.2,2.5,11.5,8.3,2.6
1983,"Arizona",27.7,19.8,6.4,1.8,1.6,5.6,18.5,26.4
1983,"Arkansas",16.7,19.2,11.2,3.1,3.1,9.6,13.7,17.6
1983,"California",3,205.1,85,28.7,16.2,55,161.8,31.4
1983,"Colorado",23.9,21.3,10.9,5.1,4,6.5,17.9,22.6
1983,"Connecticut",0,31.4,4,5.9,3.5,2.9,13.3,9.8
1983,"Delaware",6.9,8.8,1.9,1.1,0.5,3.2,4,8.8
1983,"District of Columbia",0.2,3.2,1.6,0.9,1.8,0,2,0.3
1983,"Florida",30,100.5,17,1.8,4.6,11.7,66.7,62.7
1983,"Georgia",55,46.2,16.1,5.8,4.7,15,39.9,51.9
1983,"Hawaii",0.1,14.9,0,0,0.1,1.1,8.5,5.3
1983,"Idaho",0.8,6.9,2,0.7,0.7,3,5.3,0
1983,"Illinois",79.5,80.1,50.7,25.5,14.9,43.9,55.3,70.7
1983,"Indiana",103,41.7,22.7,9.9,7,50.4,30.7,69.4
1983,"Iowa",23.8,20.5,11.9,5.9,3.5,10.4,15.6,20.8
1983,"Kansas",21.7,22.6,18.3,4.8,3.3,14,16.8,23.7
1983,"Kentucky",59.8,30,9.4,4.6,3.5,15.2,23.4,52.5
1983,"Louisiana",10.1,87.9,76.1,4,3.6,97.6,42.7,26.2
1983,"Maine",0.6,12.8,0.1,1.6,1.3,2.9,6,1.7
1983,"Maryland",21.6,32.6,7.8,6.5,3.5,12.2,21.8,18
1983,"Massachusetts",9.2,54.5,9.9,12.5,6,6,25.7,23.4
1983,"Michigan",66.1,51,37.6,22.1,10.6,30.9,40.1,51
1983,"Minnesota",19.9,30.1,13,7.6,5.6,9.9,21.9,18
1983,"Mississippi",9,20.7,12.9,2.1,1.5,10.8,16.7,11.5
1983,"Missouri",53,35.2,14,8.5,5,9.8,29,49.9
1983,"Montana",4,9.8,2.4,1.3,1.3,4,5.9,3.7
1983,"Nebraska",9.8,13.4,6.6,3,2.5,4.9,10,9.4
1983,"Nevada",13.2,9.4,2.3,0.8,0.9,1.7,8.2,13.3
1983,"New Hampshire",2.7,8,0.4,1.7,0.6,0.8,4.1,3.9
1983,"New Jersey",8.6,80.9,21.6,15,9.1,14.8,55,17.2
1983,"New Mexico",24.8,13.9,9.8,1.9,2.3,7.3,10.7,26.3
1983,"New York",25,115.2,39.2,31.4,21.9,20.1,54.2,51.8
1983,"North Carolina",55.8,44,7.5,5.2,3.5,13.9,33.2,51.5
1983,"North Dakota",20,8.3,1.3,1,1,3.6,4.9,19.1
1983,"Ohio",123.7,73.3,37.7,19.3,10.9,54.8,51.8,97.9
1983,"Oklahoma",20.6,30,34.8,5.1,2.9,20.8,24,32.6
1983,"Oregon",1,21.1,3.7,1.8,1.9,4.5,17,0.6
1983,"Pennsylvania",124.9,85.6,35,24.1,12.9,54.3,52.1,102.1
1983,"Rhode Island",0,6.1,1.6,2,0.8,0.7,3.6,0.6
1983,"South Carolina",22,22.3,5.5,2.1,1.9,11.2,17.9,16.7
1983,"South Dakota",2.8,6.2,1.3,1.1,0.7,1.8,4.2,2.5
1983,"Tennessee",51.3,32.3,10.5,3.1,4.5,17.2,27.9,41.4
1983,"Texas",95.6,200.3,169,13.1,19,143.9,133,155.9
1983,"Utah",14.9,12.1,6.4,3.4,1.4,8.3,9,11.3
1983,"Vermont",0.1,4.1,0.2,1.1,0.3,0.5,2.4,0.1
1983,"Virginia",25.7,43.6,7.8,5.8,4.4,15.9,33.9,17.1
1983,"Washington",7.5,35.7,5.9,2.8,3.4,10.3,26.1,6.5
1983,"West Virginia",77.5,13.7,6.3,2.7,1.9,15.1,10.3,67.5
1983,"Wisconsin",33.1,29.5,15.9,9,5.5,13.9,21.6,28.5
1983,"Wyoming",29.4,7.7,4.5,1.1,0.9,8.5,4.7,26.4
1984,"Alabama",54.7,27.8,12.7,3.4,2.4,25.4,23.8,40.2
1984,"Alaska",1.2,14.2,13.7,1.3,2.5,12.5,10.1,2.7
1984,"Arizona",30.5,21,6.7,1.7,1.6,6.4,19.7,28.8
1984,"Arkansas",15.4,18.2,11.5,2.9,2.4,9.3,14.5,16
1984,"California",3.5,223.7,92.3,27,15.8,72.3,170.2,34.2
1984,"Colorado",26.9,21,11.8,5.2,4.4,6.2,18.7,25.2
1984,"Connecticut",0.1,33.9,4.3,6.8,4.1,3.3,13.8,10.3
1984,"Delaware",6.8,9.3,2.4,1.4,0.5,3.9,4.1,8.6
1984,"District of Columbia",0.2,3.5,1.5,1.2,1.7,0,1.9,0.4
1984,"Florida",35.5,92.1,17,2.1,5.3,13,65.5,58.7
1984,"Georgia",64,49.2,16.6,6.2,4.9,16.9,41.4,60.4
1984,"Hawaii",0.1,16,0,0,0.1,1.2,9.3,5.5
1984,"Idaho",0.8,6.8,2.2,0.7,0.9,2.8,5.4,0
1984,"Illinois",78.1,73.2,56,28.1,16.5,47.1,49.1,66.5
1984,"Indiana",113,47.6,23.9,10.4,7.2,53,35.8,78.1
1984,"Iowa",23.6,19.7,12.7,5.7,3.7,10.5,15.6,20.5
1984,"Kansas",25.8,26.7,19.1,4.5,3.6,19.2,17.3,27
1984,"Kentucky",63,30.6,10.2,4.8,3.8,17.9,23.3,54
1984,"Louisiana",11.1,83.1,85.9,4,3.1,103.4,42.5,27.1
1984,"Maine",0.4,14.7,0.1,2,1.5,3.6,6.3,1.8
1984,"Maryland",25.1,34.8,8.6,7.7,3.5,14.7,21.9,20.7
1984,"Massachusetts",10.8,58.7,11.2,14.5,7.1,7.3,26.2,25.6
1984,"Michigan",69.9,53.5,38.6,22.3,11,32.4,41.7,54.6
1984,"Minnesota",21.7,32.5,13.6,7.8,6.1,10.1,24.1,19.7
1984,"Mississippi",9.8,20.5,14.7,2,1.5,11.9,16.8,12.8
1984,"Missouri",55.7,36,14.2,8.1,5,10.9,29.8,52.1
1984,"Montana",8.5,9.5,2.5,1.3,1.3,3.9,5.8,8.2
1984,"Nebraska",11.6,12.9,6.8,2.8,2.7,5,9.7,11.1
1984,"Nevada",14.5,9.2,2.4,0.9,1,1.6,7.8,14.8
1984,"New Hampshire",3.1,9.3,0.5,2.1,0.7,1,4.4,4.7
1984,"New Jersey",7.9,88.3,22.1,16.8,10.2,17.4,57.2,16.7
1984,"New Mexico",23.8,13.5,8.9,1.7,1.8,7.6,9.8,25.3
1984,"New York",28,113.4,43,35.3,25.7,23.2,49.3,50.9
1984,"North Carolina",52.5,48.7,7.9,7.1,4.1,16.3,33.9,47.7
1984,"North Dakota",24.1,8.4,1.2,1,0.9,5.9,5,20.9
1984,"Ohio",127.5,73.5,40.8,21.4,12.7,55.5,52.4,99.8
1984,"Oklahoma",21.7,30.6,35.5,4.8,3,23.3,24,32.7
1984,"Oregon",1.1,21.9,4.3,2.1,2.1,5.8,16.5,0.8
1984,"Pennsylvania",136.6,89.8,37.1,27.6,14.2,66.4,53,102.3
1984,"Rhode Island",0,6.6,1.7,2.3,0.9,0.8,3.8,0.5
1984,"South Carolina",23,24.4,5.8,2.5,1.8,12.6,18.7,17.6
1984,"South Dakota",3.3,6.2,1.3,1.1,0.7,1.8,4.3,2.9
1984,"Tennessee",52.1,34.9,11.2,3.2,4.5,18.2,29.8,42.5
1984,"Texas",101,209,180.1,13.9,13.9,161.9,138.5,161.9
1984,"Utah",17.4,11.9,6.6,3.4,1.5,9.6,9.1,12.3
1984,"Vermont",0.1,4.6,0.3,1.4,0.4,0.5,2.6,0.1
1984,"Virginia",28.7,46.5,7.9,7.3,4.4,18.3,34.2,18.9
1984,"Washington",7.8,41.9,7,3.2,4.1,14.6,27.9,6.9
1984,"West Virginia",84.3,14.1,6.9,2.8,1.8,17.6,10.9,72.2
1984,"Wisconsin",34.2,30.6,16.4,9.6,6.2,14,21.6,29.8
1984,"Wyoming",33.8,7.7,4.8,1.1,0.9,8.8,4.8,30.7
1985,"Alabama",62.1,27.2,12.1,3,2.5,23.5,23.5,48.9
1985,"Alaska",1,16.9,11.4,1.4,2.1,12.2,10.9,2.7
1985,"Arizona",32.1,21.3,7.2,1.8,1.7,5.6,20.5,31
1985,"Arkansas",20.7,18.1,10.5,2.7,1.9,9.9,14.3,20.5
1985,"California",4.2,217.8,102.2,30.3,14.1,70.7,169.5,39.6
1985,"Colorado",28.1,21.2,11.1,5.1,4.1,5.3,19.4,26.5
1985,"Connecticut",2,32.2,4.2,6.8,4.1,3,14,10.5
1985,"Delaware",6.7,8.7,2.1,1.3,0.5,3.4,4.1,8.2
1985,"District of Columbia",0.4,2.8,1.5,1.2,1.4,0,1.9,0.2
1985,"Florida",44.4,92.2,16.2,2.2,6.7,13.6,67.8,62.5
1985,"Georgia",68.3,53.1,15.3,5.7,4.3,20.1,42,64.6
1985,"Hawaii",0.1,17,0,0,0.1,1.3,10.3,5.4
1985,"Idaho",0.8,6.9,2.2,0.7,0.8,2.8,5.6,0
1985,"Illinois",76,71.4,51.9,26.3,14.2,44.2,50.5,64.1
1985,"Indiana",111.5,47.9,23.1,9.9,6.1,52.9,36.5,77.1
1985,"Iowa",25.2,19.7,10.2,5,3.2,10.1,15.3,21.5
1985,"Kansas",24.4,25.7,18.9,4.6,3.4,18,18.1,24.9
1985,"Kentucky",67.3,29.7,9.5,4.5,3.1,18.4,22.3,58.2
1985,"Louisiana",14.9,80.9,74.4,3.5,3.3,92,41.6,29.8
1985,"Maine",0.5,14.2,0.1,2.7,1.3,2.4,6.7,1.7
1985,"Maryland",24,32.4,8.1,6.8,2.7,12.7,22.5,19.8
1985,"Massachusetts",10.3,57.9,11.7,14.3,6.9,7.6,27,24.1
1985,"Michigan",73.4,55.6,38,22.5,10.5,33.4,42.9,57.7
1985,"Minnesota",21.3,31.6,13.7,8.1,5.9,10.4,23.2,19
1985,"Mississippi",10.2,21.3,12.4,1.8,1.4,10.4,17.5,12.8
1985,"Missouri",49.8,36.7,14,8.2,4.6,11.5,30.4,45.8
1985,"Montana",9.3,10.1,2.4,1.3,1.2,4.7,5.7,8.9
1985,"Nebraska",10.9,13,6.5,2.8,2.4,5,9.7,10.5
1985,"Nevada",11.8,9.2,2.2,1,0.9,1.3,7.9,12.1
1985,"New Hampshire",3.7,9.1,0.5,2.3,0.7,1,4.5,4.8
1985,"New Jersey",9.8,83.3,19.9,17.2,9.2,14.7,57.1,14.8
1985,"New Mexico",25.3,12.6,8.7,1.8,1.3,5.8,11.1,26.6
1985,"New York",28.3,119.3,41.6,34.4,25,22,58,49.8
1985,"North Carolina",51.8,47.9,7.4,6.3,3.8,15.8,34.9,46.3
1985,"North Dakota",28.5,7.9,1.4,1.1,1,9.4,4.8,21.5
1985,"Ohio",130.2,72.6,39.3,21.1,10.7,53.2,53.1,104
1985,"Oklahoma",22.3,30.2,32,4.6,2.7,21.8,23.7,31.7
1985,"Oregon",1,21.5,4.6,2.3,1.8,5,17.3,0.7
1985,"Pennsylvania",131.9,85.3,34.3,25.9,12,57.4,53.4,102.8
1985,"Rhode Island",0,6.9,1.6,2.5,0.9,1,3.6,0.5
1985,"South Carolina",24.6,24,5.2,2.3,1.6,12.3,18.9,18.7
1985,"South Dakota",3.3,6.4,1.3,1.1,0.7,1.8,4.6,2.8
1985,"Tennessee",56.4,35.9,10.5,3,4.4,18.5,30.4,46.5
1985,"Texas",108,210,178.2,13.3,12.7,160.3,143.3,166.6
1985,"Utah",18.6,11.5,6.5,3.5,1.2,8.5,9.4,14
1985,"Vermont",0.2,4.7,0.3,1.5,0.5,0.5,2.6,0.1
1985,"Virginia",27.9,47,7.7,7.1,4.2,17.6,35.5,18.2
1985,"Washington",8.8,42.8,7.5,3.3,4.8,13.4,29.7,7.9
1985,"West Virginia",81.8,13.6,6.7,2.5,1.6,13.9,10.7,73.4
1985,"Wisconsin",33.9,30.2,16.5,9.9,5.6,13.7,22,29.4
1985,"Wyoming",38.1,7.6,4.6,0.9,0.9,8.7,4.8,35
1986,"Alabama",62,28.4,11.2,3.1,2.5,22.4,24.4,49.2
1986,"Alaska",1.2,19.6,10.9,1.3,5,12.2,10.6,2.6
1986,"Arizona",27.8,22.6,5.6,1.6,1.6,6.4,21.1,25.3
1986,"Arkansas",21.1,18.1,10.7,2.6,1.5,9.2,14.6,22
1986,"California",4,221,84.4,26.5,14,66.3,175.2,27.4
1986,"Colorado",27.8,21.7,10,4.5,3.6,5.6,19.6,26.2
1986,"Connecticut",2,33.7,4.2,7.7,4,3,14.2,11
1986,"Delaware",6.2,9,1.8,1.1,0.4,3.3,4.3,7.9
1986,"District of Columbia",0.1,3.5,1.5,1.1,1.7,0.1,2,0.2
1986,"Florida",43.2,105.4,15.8,2.1,7.1,11.3,71.7,72.2
1986,"Georgia",65,50.9,15.2,5.9,4.1,15.6,44.2,61.3
1986,"Hawaii",0,16.7,0,0,0.1,1.8,9.1,5.7
1986,"Idaho",0.8,7.1,1.9,0.7,0.8,2.7,5.6,0
1986,"Illinois",75.4,73.5,48.8,25,12.9,46.3,49.8,63.7
1986,"Indiana",105.9,50.9,21.1,9.9,5.6,48.5,38.6,75.3
1986,"Iowa",24.6,20.1,8.7,4.7,2.7,10.1,15,20.9
1986,"Kansas",23.6,25.4,16.4,4,3.2,15.6,18.6,24
1986,"Kentucky",70.4,29.8,9.2,4.5,3,16.6,23.4,61.9
1986,"Louisiana",16.2,87.5,77.3,3.4,3.1,96.8,47,30.7
1986,"Maine",0.8,17.9,0.1,3,1.8,4.6,7.2,2.2
1986,"Maryland",25.8,32.1,8.2,6.8,2.8,11.9,23.1,21.5
1986,"Massachusetts",9.3,66.2,10,14.7,7.5,9.8,27.5,26
1986,"Michigan",76.1,58,36.4,22.3,9.7,33.6,44.3,60.6
1986,"Minnesota",19,32.3,13,8.1,5.1,10.9,23.4,16.8
1986,"Mississippi",10.2,23.1,11.7,1.8,1.3,10.1,18.8,13
1986,"Missouri",48.2,37.6,13,7.9,4.6,9.9,31.9,44.5
1986,"Montana",12.5,8.5,2.2,1.2,0.9,3.4,5.7,12
1986,"Nebraska",10.3,13.1,5.5,2.6,2.1,4.6,9.8,9.8
1986,"Nevada",15.1,9.9,1.9,0.9,0.9,1.3,8.2,15.6
1986,"New Hampshire",2.3,11.2,0.5,2.2,1,1.3,4.9,4.6
1986,"New Jersey",7.3,89,18.7,17,10.5,15,59.4,13.1
1986,"New Mexico",22.7,12.5,7.7,1.6,1.4,4.7,11.6,23.6
1986,"New York",23.7,128.7,39.7,36.3,28.6,19.2,59.2,48.8
1986,"North Carolina",54.9,50,7.5,6.2,3.5,17.1,36.9,48.7
1986,"North Dakota",29.3,8,1.1,1.1,0.8,10.4,4.7,21.4
1986,"Ohio",134.3,71.6,39.5,22,11.5,49.8,54.8,107.3
1986,"Oklahoma",20.4,27.5,30.2,4,2.3,19.3,22.6,29.9
1986,"Oregon",0.3,22.4,3.8,2,1.8,5.1,17.6,0
1986,"Pennsylvania",123.5,89.4,33.5,25.4,12.6,51.7,55.7,101
1986,"Rhode Island",0.1,8,1.5,2.4,1.4,1.1,4,0.7
1986,"South Carolina",24.8,24.1,5.5,2.4,1.9,11.9,19.5,18.7
1986,"South Dakota",2.7,6.6,1.3,1.3,0.7,2.1,4.2,2.3
1986,"Tennessee",56.8,37.1,10.2,2.7,3.4,18.3,32.5,47.2
1986,"Texas",109.3,216.6,168,12.3,11.2,159.8,146.9,163.7
1986,"Utah",17.7,12.8,5.3,3.1,1,6.9,10.1,14.7
1986,"Vermont",0,4.7,0.3,1.2,0.5,0.6,2.7,0
1986,"Virginia",28.3,51.1,7.8,7.3,4.6,17.8,37.4,20.1
1986,"Washington",5.9,47.7,6.3,3,3.1,14,34.7,5.1
1986,"West Virginia",82.4,12.8,6.4,2.7,1.6,15.5,9.6,72.2
1986,"Wisconsin",34.9,30.4,14.9,9.6,4.2,13.6,22.5,30.3
1986,"Wyoming",31.6,7.2,4.1,0.9,0.8,8,4.5,28.7
1987,"Alabama",61.9,30.2,11.3,3.4,2.2,24.1,25.9,47.8
1987,"Alaska",0.4,16.6,13.4,1.3,4.5,12.8,9.5,2.3
1987,"Arizona",26.5,23,6.5,1.8,1.9,3.4,21.9,27
1987,"Arkansas",19.8,18,9.2,2.6,1.5,6.6,15.3,21
1987,"California",4.2,230.1,105.7,28.6,15.9,73.6,184.7,37.2
1987,"Colorado",27.8,21.6,10.8,4.8,3.9,5.1,19.8,26.6
1987,"Connecticut",1.9,33.2,5.1,8,3.9,3.3,14.9,10.1
1987,"Delaware",6.6,9.3,2,1.3,0.6,3.4,4.7,7.9
1987,"District of Columbia",0.1,3.1,1.7,1.1,1.6,0,1.9,0.3
1987,"Florida",55.1,102.9,16.7,2.1,6.8,11,76.1,78.7
1987,"Georgia",66.8,53.5,16.5,6.5,4.5,16.5,47,62.3
1987,"Hawaii",0.1,16.8,0,0,0.2,1.8,8.9,6
1987,"Idaho",0.8,7.3,2,0.7,0.6,3,5.8,0
1987,"Illinois",73.4,76.2,46.3,23.4,12.2,50,50.2,60.1
1987,"Indiana",109.3,52.9,21.9,9.9,5.4,52.4,40.3,76.1
1987,"Iowa",27.1,19.4,8.4,4.1,2.6,10.1,15.6,22.5
1987,"Kansas",25.1,25.7,18.2,4.2,3.2,17.1,19,25.5
1987,"Kentucky",70.2,31.7,9.5,4.6,2.8,17.8,24.3,61.9
1987,"Louisiana",16.2,84.2,80.7,3.6,2.3,99.8,46.2,29.2
1987,"Maine",0.6,16.8,0.1,3,1.4,3.2,7.7,2.2
1987,"Maryland",27,34.5,9.2,7.3,3.7,12.8,24.1,22.8
1987,"Massachusetts",11,63,12.4,15.2,7.2,8.5,28.6,26.9
1987,"Michigan",78.9,59.9,35.4,21.4,11.6,26.7,46.5,68
1987,"Minnesota",24.1,31.6,12.7,7.4,4.4,10.8,23.3,22.5
1987,"Mississippi",11.5,23.8,11.2,1.8,1.5,9.6,20.4,13.2
1987,"Missouri",49.7,39.2,12.4,7.6,4.8,10.3,32.5,46.1
1987,"Montana",12.5,8.7,2,1.1,0.8,3.3,5.8,12.2
1987,"Nebraska",10.9,13.5,5.6,2.4,2,4.9,10.2,10.5
1987,"Nevada",14.5,10.5,2.2,1,1,1.3,9,14.9
1987,"New Hampshire",2.9,11.7,0.6,2.6,1.3,1.3,5.3,4.7
1987,"New Jersey",8.6,88.7,22.3,17.8,10.4,16.7,60.2,14.5
1987,"New Mexico",24.5,12.9,8.7,1.8,1.4,5.4,12.1,25.4
1987,"New York",27.6,132.8,42.6,38.3,27.3,20.6,62.6,54.2
1987,"North Carolina",47.1,52.5,8.2,7,4,17.1,38.7,41
1987,"North Dakota",29.9,7.9,1.1,0.9,0.6,11,4.8,21.6
1987,"Ohio",134.4,73.9,39.5,21.9,11.5,51.4,56.3,106.7
1987,"Oklahoma",22.6,27.7,32.7,3.8,2.2,22.1,23.1,31.8
1987,"Oregon",0.3,22.9,4.3,1.7,1.7,5.4,18.7,0
1987,"Pennsylvania",129.5,93.2,35,25.3,13,58.3,59,102.1
1987,"Rhode Island",0,7.9,1.9,2.6,1.2,1,4.3,0.7
1987,"South Carolina",27.8,24.3,5.7,2.7,1.8,12.6,19.2,21.5
1987,"South Dakota",1.4,7,1.1,1.2,0.7,2.2,4.4,1
1987,"Tennessee",56.1,36.1,10.9,3.1,3.4,18.2,31.7,46.7
1987,"Texas",113.1,212.5,174,13.3,12.5,164.8,143.6,165.4
1987,"Utah",25.7,13.1,5.6,2.7,1.5,5.4,10.3,24.5
1987,"Vermont",0,5.2,0.3,1.3,0.6,0.6,3,0
1987,"Virginia",31.7,53.4,8.9,7.8,5,18.7,40.1,22.4
1987,"Washington",9,49.5,7.2,2.9,3.3,15.6,35.6,8.3
1987,"West Virginia",81.9,13.5,6.6,2.6,1.7,15.8,10.1,71.8
1987,"Wisconsin",36.3,30.5,14.9,9.1,4.4,13.6,22.6,32
1987,"Wyoming",40.2,8.2,4.6,0.9,0.9,8.8,5.4,37
1988,"Alabama",61.3,30.9,12.9,3.4,2.7,26.6,26.4,46
1988,"Alaska",0.4,15,15.3,1.2,1.7,14.8,10.7,2.3
1988,"Arizona",29.1,23.4,6.8,1.7,1.9,3.7,22.6,29.4
1988,"Arkansas",20.6,18.9,11.6,2.7,1.7,9.3,16,21.4
1988,"California",4.7,244.6,98.7,28.4,17.6,70.1,195.3,36.6
1988,"Colorado",29.4,21.6,11.6,5.1,4.2,5.9,19.2,28.2
1988,"Connecticut",2.1,35.7,4.9,8.9,3.8,3.3,15.4,11.3
1988,"Delaware",6.5,10.4,1.6,1.3,0.5,3.6,4.6,8.5
1988,"District of Columbia",0.1,3,1.7,1,1.3,0,2,0.5
1988,"Florida",57.5,111,16.3,2,6.3,12.5,80.6,83.4
1988,"Georgia",65.7,55.9,17.6,6.9,4.4,17.4,49.4,61.1
1988,"Hawaii",0.1,19.8,0,0,1.2,2.2,10.1,6.4
1988,"Idaho",0.8,7.5,2.1,0.7,0.8,3,5.9,0
1988,"Illinois",69.9,79.7,51.6,26.6,13.4,52.6,53.7,54.9
1988,"Indiana",118.7,51.3,24.4,10.8,5.8,56.3,39.2,82.3
1988,"Iowa",28.8,19.9,10.4,4.8,3,10.8,16.1,24.4
1988,"Kansas",25.3,27.5,18.5,4.4,3.5,17.4,20,26
1988,"Kentucky",77.2,34,10.1,4.9,3.3,17.6,26.4,69.1
1988,"Louisiana",20,90.2,77.6,3.5,2.2,99.5,49.4,33.2
1988,"Maine",0.7,19.9,0.2,3.4,2.2,4,8.8,2.4
1988,"Maryland",28.3,36.1,9.3,7.8,3,12.7,25,25.2
1988,"Massachusetts",10.9,63.5,11.5,15.3,7.8,5.7,29.7,27.4
1988,"Michigan",78.1,62.6,40.5,23.8,11.1,31.2,48.1,67
1988,"Minnesota",28.5,33.2,15.2,8.7,5.4,11.3,24.3,27.2
1988,"Mississippi",12.2,25.9,11.5,1.9,1.4,10.8,21.5,14
1988,"Missouri",51.5,40.2,13.5,8.1,4.9,10.6,33.7,47.9
1988,"Montana",17.1,8.9,2.3,1.2,0.8,3.7,5.9,16.7
1988,"Nebraska",13.2,14.6,6.2,2.6,2.3,5.2,11.1,12.8
1988,"Nevada",17.3,11.5,2.6,1,1.1,1.9,9.3,18.1
1988,"New Hampshire",3.1,12,0.7,2.5,1.3,1,5.5,5.5
1988,"New Jersey",7.6,88.1,21.8,18.5,10.9,16.5,57.5,14.1
1988,"New Mexico",25,13,9.8,1.8,2.1,5.1,12.8,26
1988,"New York",31.3,136.2,43.2,40,27.8,20.9,59.8,62.2
1988,"North Carolina",48.5,55.1,8.4,7.4,4.5,16.7,41,42.4
1988,"North Dakota",34.7,7.7,1.3,1,0.7,10.3,4.8,26.9
1988,"Ohio",138.5,74.3,44.5,23.2,12.5,54.7,56.9,110
1988,"Oklahoma",25.3,28.4,32.4,4.3,3.1,21.3,23.4,34
1988,"Oregon",0.3,24.5,4.7,1.9,1.9,5.7,20,0
1988,"Pennsylvania",137.5,95.3,36.6,26.8,13.4,61.6,61.2,106.4
1988,"Rhode Island",0.4,8.3,1.6,2.8,1.1,1.2,4.4,0.8
1988,"South Carolina",28.4,26.8,6.1,2.6,2,13.4,21.1,22.2
1988,"South Dakota",3.1,6.9,1.4,1.2,0.8,2.1,4.5,2.8
1988,"Tennessee",57.3,37,11.7,3.5,3.7,18.8,32.2,47.8
1988,"Texas",119,227.9,185.4,13,12.9,183.2,151.4,171.8
1988,"Utah",31.7,13.5,6.2,2.7,1.7,9.1,10.8,27.1
1988,"Vermont",0,5.3,0.3,1.3,0.6,0.6,3.1,0
1988,"Virginia",32.2,55.7,9.1,8.2,4.7,19.1,42.4,22.6
1988,"Washington",9.4,52.1,8,3.3,3.8,16.4,37.3,8.7
1988,"West Virginia",86,13.8,7.1,2.8,1.9,17.2,10.4,74.6
1988,"Wisconsin",37,32.4,16.9,10.3,4.8,14.2,24.2,32.8
1988,"Wyoming",42,8.8,4.5,0.9,1,8.6,5.9,38.9
1989,"Alabama",64,32.5,13.4,3.3,2.4,25.4,28.2,50.6
1989,"Alaska",0.4,16.5,17,1.4,1.5,16.1,12.4,2.5
1989,"Arizona",33.2,24,8,1.7,1.9,4.1,22.6,34.9
1989,"Arkansas",19.2,19.2,13.4,2.8,1.8,10.4,16.5,20.3
1989,"California",6.2,248.6,108.7,29.9,17.8,69.8,201.8,44.2
1989,"Colorado",30.5,20.7,12.8,5.1,4,6.5,18.6,29.8
1989,"Connecticut",2.2,36.6,5.4,9.2,4.3,3.1,15.5,12.1
1989,"Delaware",5.7,10,1.8,1.2,0.5,3.4,4.7,7.7
1989,"District of Columbia",0.1,3.1,1.7,1,1.2,0,2,0.7
1989,"Florida",59.9,111.3,17.8,1.7,5.7,12,81.3,88.3
1989,"Georgia",62.7,54.2,17.2,6.7,3.9,17.6,47.9,58
1989,"Hawaii",0.1,20.7,0,0,1,2,11.1,6.7
1989,"Idaho",0.9,7.8,2.5,0.8,0.9,3.3,6.2,0
1989,"Illinois",67.6,72.1,53.4,28.6,12.2,43.8,54.6,53.9
1989,"Indiana",121.2,53,24.7,10.9,5.9,55.3,40.3,86.5
1989,"Iowa",29.9,19.6,9.5,4.7,2.6,11,16.2,24.5
1989,"Kansas",25.2,26.6,18,4.4,3.4,16.7,19.4,25.9
1989,"Kentucky",72.1,35.1,10.4,4.8,3,18.6,27.9,63.3
1989,"Louisiana",19.5,88.7,83.6,3.4,2,103.8,49.6,33
1989,"Maine",0.6,18.5,0.2,3.1,2,3.7,7.9,2.6
1989,"Maryland",27.8,39,10.5,7.1,3.4,12,25.7,29.1
1989,"Massachusetts",11.5,64.6,13.8,16.3,8.7,5.9,29.7,29.3
1989,"Michigan",74.3,62.1,42.4,24.6,11.6,30.2,47.7,64.7
1989,"Minnesota",30.6,33.4,15.8,9.4,5.7,11.8,23.9,29
1989,"Mississippi",9,25.1,12.4,1.9,1.5,11.4,20.1,11.6
1989,"Missouri",51.8,40.3,13.5,8.4,4.5,10.2,34.1,48.4
1989,"Montana",16.8,9.3,2.4,1.3,1,4,5.8,16.4
1989,"Nebraska",12.3,13.9,6.2,2.7,2.1,5.1,10.5,12
1989,"Nevada",16.1,11.9,3.4,1.2,1.1,2.4,9.4,17.3
1989,"New Hampshire",2.9,12.3,0.7,2.9,1.3,0.9,5.4,5.4
1989,"New Jersey",8.9,88.3,24.9,18.4,11.4,16.5,59.1,16.7
1989,"New Mexico",26.3,13.2,10.9,1.8,1.9,5.6,13.4,27.7
1989,"New York",34.2,135.2,46.2,38.6,27.4,21.4,60,68.2
1989,"North Carolina",55.7,51.3,8.8,6.6,4,16.5,39.1,49.6
1989,"North Dakota",34.1,8,1.4,1.1,0.9,11.2,4.7,25.6
1989,"Ohio",138,74.8,45,23.8,11.8,51.6,57.1,113.5
1989,"Oklahoma",25.4,29.5,33,4.3,2.7,22.1,24.7,34.1
1989,"Oregon",0.6,24,5.9,2.1,1.8,5.1,20.3,1.2
1989,"Pennsylvania",139.9,95,37.8,27.7,14.5,62.3,57.7,110.5
1989,"Rhode Island",0.1,7.4,1.9,2.6,1.1,0.9,4.3,0.5
1989,"South Carolina",28.4,26.1,6.3,2.6,1.7,13.2,20.5,22.8
1989,"South Dakota",3.2,7.2,1.4,1.4,0.7,2.4,4.5,2.8
1989,"Tennessee",53.3,37.4,12.2,3.6,3.7,18.7,33.3,43.6
1989,"Texas",125.6,230.7,195.7,14.1,12.9,188.3,152.1,184.6
1989,"Utah",32.9,12.8,6.6,2.9,1.7,9.5,10.2,28
1989,"Vermont",0,5.3,0.3,1.5,0.6,0.5,3,0
1989,"Virginia",36.1,54.5,9.5,7.8,4.5,18.7,40.7,28.4
1989,"Washington",9,53.7,8.9,3.4,3.4,15.4,40.4,9
1989,"West Virginia",87.7,14.4,7.3,2.7,2,18.2,10.4,76.1
1989,"Wisconsin",36.6,32.8,17.6,10.6,5.1,14.5,24.3,32.5
1989,"Wyoming",40,8.9,4.7,0.8,0.9,9.2,6,36.7
1990,"Alabama",64.2,32.3,13.4,3.1,2.4,25.5,28,50.9
1990,"Alaska",1.1,16.1,17.4,1.5,2.2,16.2,12.1,2.6
1990,"Arizona",32.4,23.5,7,1.9,1.9,3.9,22.7,32.5
1990,"Arkansas",20.1,18.6,12.4,2.5,1.6,9.6,16.1,21.3
1990,"California",7.9,244.3,111.5,29.5,18.9,71.7,203.2,40.4
1990,"Colorado",31.8,21.1,12.3,4.9,3.8,6.5,19.1,30.9
1990,"Connecticut",3.6,31.4,5.8,8.1,3.8,3,14.6,11.3
1990,"Delaware",5.5,10.1,1.8,1,0.5,4,4.5,7.4
1990,"District of Columbia",0.1,2.7,1.5,0.9,1.2,0,1.8,0.4
1990,"Florida",59.7,110.8,18.2,1.5,6.3,12.5,81.4,87
1990,"Georgia",67.2,55,16.9,5.8,3.8,18.9,48.5,62.1
1990,"Hawaii",0.1,21.5,0,0,0.6,2.3,11.1,7.6
1990,"Idaho",0.9,7.9,2.6,0.8,0.8,3.5,6.3,0
1990,"Illinois",70.4,71.9,50.6,25.3,12.4,44,54,57.2
1990,"Indiana",128.1,53.8,24.2,9.5,5.4,54.5,40.7,96
1990,"Iowa",31.5,19.4,9.1,4.1,2.6,10.8,16.2,26.3
1990,"Kansas",25.6,25.6,18.8,4.1,3.3,16.7,19.2,26.7
1990,"Kentucky",75.7,33.3,10.2,4.1,2.7,18.9,26.3,67.2
1990,"Louisiana",19.7,93.1,85.2,3.2,1.9,109.5,49.2,34.2
1990,"Maine",1,17.9,0.2,2.9,2.3,3.5,8.2,2.2
1990,"Maryland",27,33.7,9.4,6.1,2.9,11.3,23.5,26.3
1990,"Massachusetts",10.7,58.5,14.6,15,8.5,5.7,28.9,25.7
1990,"Michigan",74.2,59.1,46.6,21.6,10.4,33.5,47.6,66.8
1990,"Minnesota",30.7,32.9,15.5,8.1,5.7,12.8,23.6,28.9
1990,"Mississippi",9.8,25.4,14,1.9,1.4,12.3,20.2,13.4
1990,"Missouri",50.9,39.2,12.8,7.4,4.5,9.7,33.6,47.7
1990,"Montana",15.9,9.4,2.3,1.2,0.9,4.3,5.8,15.4
1990,"Nebraska",13.3,13.6,5.7,2.4,2.1,4.6,10.4,13.1
1990,"Nevada",15.6,11.6,3.4,1.2,1,2.2,9.4,16.8
1990,"New Hampshire",3,11,0.8,2.4,1.4,0.9,5.2,4.9
1990,"New Jersey",7.6,78.8,23.7,15.2,10.7,15,57,12.2
1990,"New Mexico",26,14,13.4,2,1.6,7.7,14.8,27.3
1990,"New York",32.9,128.4,47.5,33.5,27.1,20.1,63.9,64.2
1990,"North Carolina",53.6,48.9,8.8,5.2,3.7,17.8,38.1,46.5
1990,"North Dakota",35.3,7.6,1.5,1,0.6,11.2,4.6,27
1990,"Ohio",134.2,71.7,41.2,20.6,10.6,50.3,55.8,109.8
1990,"Oklahoma",26.3,28.7,33.3,3.9,2.5,23.4,23.7,34.8
1990,"Oregon",1.4,23.5,6,2.1,1.9,5.2,20,1.7
1990,"Pennsylvania",138.3,90.5,36,23.5,13.1,64.1,59.3,104.8
1990,"Rhode Island",0,6.8,2.1,2.4,1.1,0.6,4.1,0.7
1990,"South Carolina",27.3,26.8,7.1,2.1,1.4,13.4,22,22.3
1990,"South Dakota",3.3,7.2,1.3,1.3,0.7,2.3,4.6,2.9
1990,"Tennessee",56.6,36.4,12,3.2,3.4,18.7,32.7,47
1990,"Texas",125.6,241.8,195,12.9,11.8,202.7,152.5,182.5
1990,"Utah",34.6,13,6.7,2.7,1.7,9.9,10.6,29.4
1990,"Vermont",0,5.2,0.3,1.4,0.6,0.5,3,0
1990,"Virginia",33.4,51.6,10.2,6.4,4.4,19.8,41.4,23.2
1990,"Washington",8,54,8.9,3.5,3.2,15.6,41.2,7.4
1990,"West Virginia",82.2,14.5,6.9,2.5,1.9,18.6,10.3,70.3
1990,"Wisconsin",37.2,32.2,16.4,9.5,4.8,14.6,24.1,32.8
1990,"Wyoming",43.3,8.3,5.4,0.8,0.9,10.4,5.7,39.2
1991,"Alabama",68.2,32.1,13.9,3,2,25.7,28.6,54.9
1991,"Alaska",1.1,14.5,19.5,1.5,2.2,17.9,11.1,2.4
1991,"Arizona",32.7,24.2,6.8,1.9,1.8,3.9,23.3,32.8
1991,"Arkansas",20.3,18.3,11.2,2.6,1.6,8.2,16.1,21.3
1991,"California",8.5,226.1,117.2,29.3,19.2,72.8,192.5,38
1991,"Colorado",31.2,21.4,14.4,5.7,4.2,7.5,19.3,30.3
1991,"Connecticut",3.6,30.3,6.1,7.8,3.6,3.2,14.5,10.9
1991,"Delaware",5.3,10.3,2,1,0.5,3.3,5.1,7.7
1991,"District of Columbia",0.1,2.5,1.6,0.9,1.3,0,1.8,0.2
1991,"Florida",61.3,109.3,19.2,1.6,6,11.8,77.1,93.3
1991,"Georgia",60.6,53.1,17.6,6.2,3.6,18.5,47.3,55.7
1991,"Hawaii",0.1,19.6,0,0,0.3,2.2,10.9,6.3
1991,"Idaho",1.1,8.1,2.9,0.9,0.9,4.1,6.2,0
1991,"Illinois",71.4,68.5,53.1,26.7,11.9,44.3,51.8,58.3
1991,"Indiana",126.1,52.1,24.5,9.8,5.3,52.1,39.7,95.8
1991,"Iowa",32.9,19.1,10,4.6,3,11.7,15.7,27
1991,"Kansas",25.3,23.2,19.8,4.3,3.3,15.8,17.9,27
1991,"Kentucky",75.7,33,10.4,4.4,2.8,17.4,26.2,68.3
1991,"Louisiana",20.2,94.2,81.9,3.2,1.9,105.2,51.8,34.2
1991,"Maine",1.5,16.9,0.2,2.9,2.2,4.2,7.6,1.7
1991,"Maryland",25.9,33.6,9.7,6.3,3.6,9.4,23.9,26
1991,"Massachusetts",11.1,56.3,15,14.2,9.2,5.1,27.6,26.3
1991,"Michigan",72.1,59.4,47.2,22.2,10.6,30.5,48.3,67.1
1991,"Minnesota",28.3,33.6,16.9,8.8,5.4,12.2,24.7,27.7
1991,"Mississippi",8.9,26.2,13.7,1.8,1.4,11.5,22,12.1
1991,"Missouri",50.3,38.8,13.8,8,4.6,9,33.4,47.9
1991,"Montana",17.4,9,2.4,1.3,0.9,4.1,5.7,16.8
1991,"Nebraska",14.3,13.4,6,2.7,2.3,4.7,10.1,13.9
1991,"Nevada",16.9,11.9,3.6,1.3,1.1,2.3,9.8,17.9
1991,"New Hampshire",3.2,10.2,0.8,2.4,1.3,0.8,5.3,4.4
1991,"New Jersey",5.8,78.8,26.3,15.1,10.8,15.2,57.9,11.9
1991,"New Mexico",22.1,15.1,12,1.9,1.7,7.5,14.6,23.5
1991,"New York",33.2,119.1,48.7,32.9,26.8,19.3,62.3,59.7
1991,"North Carolina",53.4,48.5,9.1,5.3,3.6,17.2,37.7,47.2
1991,"North Dakota",35.7,7.6,2,1.1,0.7,11.3,4.6,27.6
1991,"Ohio",133.2,69.6,42.4,21.1,10.5,46.4,55.1,112.1
1991,"Oklahoma",29.4,29,31.2,4,2.5,21.3,24.3,37.5
1991,"Oregon",3.1,24.7,6.7,2.1,1.9,5.4,21.6,3.5
1991,"Pennsylvania",134.2,88,35.4,23.7,13.1,58.1,59.2,103.5
1991,"Rhode Island",0,6.7,4.2,2.3,1.2,1.9,4.1,1.4
1991,"South Carolina",27.4,27.7,7.4,2.3,1.4,13.3,22.8,22.7
1991,"South Dakota",3.7,6.5,1.4,1.2,0.7,2.1,4.4,3.2
1991,"Tennessee",53.4,34.8,12.4,3.5,3.3,18.6,31,44.2
1991,"Texas",125.6,239.9,191.9,13.2,11.9,201.1,149.5,181.7
1991,"Utah",32.4,13.3,7.5,3.1,1.9,9.2,11,28
1991,"Vermont",0,5.2,0.4,1.4,0.6,0.5,3,0.1
1991,"Virginia",35.9,50.7,10,6.4,4.2,20.2,40.5,25.3
1991,"Washington",8.3,53.7,9.6,3.8,3.3,14.7,41.9,7.9
1991,"West Virginia",75.5,13.8,6.4,2.3,1.8,16.2,10.2,65.2
1991,"Wisconsin",38.2,32.2,17.6,10.1,5,14.9,23.9,34.1
1991,"Wyoming",42.5,7.3,5.4,0.9,0.9,9.9,5.2,38.3
1992,"Alabama",73,32.8,15.3,3.2,2.2,28.7,29.3,57.7
1992,"Alaska",1.1,15.1,20.4,1.7,2.4,19.4,10.9,2.2
1992,"Arizona",34.8,24.6,7.2,1.8,1.8,4,23.6,35.4
1992,"Arkansas",20.8,18.7,12.1,2.4,1.6,9.9,16.1,21.6
1992,"California",8.6,225.7,121.6,27.2,17.4,73.6,192.2,45.5
1992,"Colorado",32,21.9,13.9,5.4,4,7.7,19.5,31.2
1992,"Connecticut",3.6,30,6.6,9.3,4.2,3.4,14.6,8.7
1992,"Delaware",4.3,11.1,1.9,1.1,0.5,4.2,4.7,6.8
1992,"District of Columbia",0.1,2.4,1.8,1,1.4,0,1.8,0.1
1992,"Florida",61.2,111.2,19.6,1.7,5.9,13.4,79.9,91.1
1992,"Georgia",57.8,54.6,18.7,6.9,4,18.8,47.8,53.6
1992,"Hawaii",0.6,20,0,0,0.8,2.1,10.5,7.2
1992,"Idaho",0.9,7.8,2.7,0.8,0.9,3.4,6.3,0
1992,"Illinois",65.8,69.4,53.3,26.9,12.2,43.8,52.6,53
1992,"Indiana",121.3,52.3,25.8,10,5.5,50.6,39.1,94.2
1992,"Iowa",31,19.8,9.6,4.3,2.6,12,15.5,26
1992,"Kansas",23.9,24.2,17.8,4,3.1,17,17.6,24.2
1992,"Kentucky",76.6,35.4,10.7,4.6,3,18.2,27.4,69.5
1992,"Louisiana",21.1,98.6,83.1,3.3,2,109.9,52,35.6
1992,"Maine",2.6,16.5,0.2,2.9,1.8,5.5,7.4,1.7
1992,"Maryland",23.3,33.6,9.9,6.7,4,6.5,24.5,25.1
1992,"Massachusetts",10.6,55.5,18.2,16.3,8.9,6.9,27.4,24.8
1992,"Michigan",66.7,59.7,51.2,23.3,10.9,30.8,48.8,63.8
1992,"Minnesota",28.3,35.5,16.6,8.4,5,13.6,26,27.4
1992,"Mississippi",8.1,27.4,13.4,1.9,1.4,11.8,22.9,10.9
1992,"Missouri",49.2,40.6,12.7,7.7,4.5,9.2,34.7,46.4
1992,"Montana",18.2,9.4,2.5,1.1,0.7,4.2,6.3,17.8
1992,"Nebraska",13.3,13.9,5.5,2.5,2,4.9,10.5,12.8
1992,"Nevada",16.9,12.4,4.3,1.2,1.1,2.6,10,18.7
1992,"New Hampshire",3.2,10.3,0.8,2.5,1.2,1.1,5.3,4.2
1992,"New Jersey",5.9,78.6,33.3,16.5,11.3,19.2,58.2,12.6
1992,"New Mexico",25.2,15.4,11.1,2,1.7,7.6,14.1,26.3
1992,"New York",33.5,111.6,54.8,36.3,27.7,20.5,60.8,54.6
1992,"North Carolina",61.2,50.4,9.9,6,3.8,19,38.5,54.2
1992,"North Dakota",37.6,7.6,1.7,0.9,0.6,11.8,4.9,28.7
1992,"Ohio",133.3,72,44.5,22.1,11.1,48.3,54.4,113.9
1992,"Oklahoma",31,31.7,30,3.9,2.2,22.4,26.2,38
1992,"Oregon",3.8,24.9,6.8,1.9,1.7,5.9,21.6,4.4
1992,"Pennsylvania",138.3,89.3,38,25.3,14,62.1,60.5,103.7
1992,"Rhode Island",0,6.8,6.3,2.8,1.1,3,4,2.2
1992,"South Carolina",27.2,26.7,7.5,2.1,1.6,13.6,22,22.1
1992,"South Dakota",3.4,6.8,1.5,1,0.7,2,5,3
1992,"Tennessee",55.7,37.3,13.2,3.7,3.5,20,32.4,46.6
1992,"Texas",124.7,243.7,188.5,12.8,12.1,199.5,153.1,179.4
1992,"Utah",34.2,13.5,7.1,2.8,1.5,9.1,11.2,30.2
1992,"Vermont",0,5.6,0.3,1.5,0.7,0.5,3.2,0
1992,"Virginia",35.8,50.4,11.7,6.9,4.7,19.1,40.3,26.9
1992,"Washington",10,59.9,9.7,3.5,2.8,16.6,46.6,10.1
1992,"West Virginia",76.6,13.7,7.3,2.4,1.9,15.2,11,67.1
1992,"Wisconsin",37.2,32.3,17.8,9.9,4.8,14.8,24.5,33.3
1992,"Wyoming",46.3,7.7,6.8,0.7,0.7,12,5.5,41.9
1993,"Alabama",76.5,33.3,16,3.4,2.1,27.3,29.4,63.6
1993,"Alaska",1.3,15.3,20,1.7,2.6,19,11,2.3
1993,"Arizona",36.8,25.9,6.3,1.7,1.7,4.1,24.9,36.6
1993,"Arkansas",18.9,19.6,12.4,2.8,1.9,9.9,16.8,19.5
1993,"California",8.1,220.1,117.4,28.9,15.6,70.6,188.5,42
1993,"Colorado",32.7,23.7,15.2,5.9,4.2,8.4,21.3,31.8
1993,"Connecticut",3.5,28.2,6.6,8.9,3.8,3.5,14.6,7.5
1993,"Delaware",6,10.8,2.1,1.1,0.7,4.6,4.9,7.6
1993,"District of Columbia",0.1,2.6,1.8,1,1.5,0,1.8,0.2
1993,"Florida",61.7,114.3,19.6,1.6,4.7,14.8,79,95.5
1993,"Georgia",61.7,59.9,19.1,7.4,4,18.3,53,58
1993,"Hawaii",1.5,17.5,0,0,0.2,2.2,9.4,7.2
1993,"Idaho",0.9,8.5,3.1,1,0.9,3.5,7.1,0
1993,"Illinois",76.5,73.5,55.4,28,12.5,45.4,55.6,63.9
1993,"Indiana",124.1,52.6,27.8,10.8,5.8,49.2,41,97.7
1993,"Iowa",32.4,21.9,10.5,4.9,2.7,13.4,16,27.8
1993,"Kansas",28.5,22.5,20.3,4.7,3.2,16.1,17.9,29.4
1993,"Kentucky",86.7,35.6,11.3,4.9,3,19.2,28.8,77.7
1993,"Louisiana",21,101.8,83.9,3.2,1.8,112.6,51.8,37.3
1993,"Maine",1.6,17,0.2,3,1.7,5.2,7.6,1.3
1993,"Maryland",24.6,35,9.8,7.1,3.9,6.4,24.4,27.6
1993,"Massachusetts",9.4,53.6,18.5,16.4,8,7.1,27.7,22.3
1993,"Michigan",67.4,61.9,49.1,24.1,11.1,26.6,51.8,64.8
1993,"Minnesota",30.7,36.8,17.5,9.1,5.3,14,27.5,29.1
1993,"Mississippi",9.4,29.4,12.4,2,1.3,11.2,23,13.7
1993,"Missouri",44,42.2,14.8,8.7,5,9.7,35.7,41.9
1993,"Montana",15.2,9.8,2.8,1.3,0.8,4.7,6.4,14.6
1993,"Nebraska",15.6,13.9,6.5,2.9,2,5.5,10.5,15.1
1993,"Nevada",16.2,13,4.6,1.3,1.4,2.5,10.3,18.3
1993,"New Hampshire",3.5,10.5,0.8,2.5,1.1,1.4,5.3,4.5
1993,"New Jersey",5.9,73.7,34.6,16.1,10.6,19.1,55.1,13.3
1993,"New Mexico",25.4,15.2,11.9,2,1.7,7.3,14.7,26.8
1993,"New York",30.6,109.9,54.1,35.6,28.4,20.7,61.8,48.1
1993,"North Carolina",65,52.2,10.3,6.3,4,18.3,39.9,59
1993,"North Dakota",37.8,7.8,1.9,1,0.8,11.7,5.1,28.9
1993,"Ohio",134.8,74.2,45.8,23.1,11.1,46.1,57.4,117.1
1993,"Oklahoma",33.5,30.6,31.7,4.5,2.4,23.7,25.4,39.8
1993,"Oregon",3.5,24.4,7.5,2.4,1.8,6.2,20.8,4.2
1993,"Pennsylvania",139.7,91.8,38.8,26.1,13.2,61.9,62,107.1
1993,"Rhode Island",0,6.8,4.1,2.7,1.1,1,4.1,2
1993,"South Carolina",31,27.2,7.7,2.3,1.7,14.3,22.3,25.3
1993,"South Dakota",3.4,7.3,1.7,1.3,0.8,2.4,5,2.9
1993,"Tennessee",64.6,38.5,13.9,3.9,3.6,20,34.2,55.3
1993,"Texas",134.9,243.6,196.5,13.4,10.7,202.6,152,196.3
1993,"Utah",34.9,13.9,8,3.1,1.7,9.3,11.7,31
1993,"Vermont",0,5.8,0.3,1.5,0.6,0.6,3.4,0
1993,"Virginia",37.4,51.5,13.1,7,5,17.5,41,31.5
1993,"Washington",9.1,53.5,12.1,4.1,3.1,15,42.4,10.1
1993,"West Virginia",77.3,13.9,7.7,2.5,1.9,15.8,11.4,67.3
1993,"Wisconsin",38,34.1,18.7,10.6,5.2,15.6,25.3,34.1
1993,"Wyoming",44.2,8.1,5.9,0.9,1,10.4,5.9,40
1994,"Alabama",72.8,35.1,15.8,3.3,2,28.2,30.6,59.6
1994,"Alaska",1.2,15.8,19.5,1.8,2.6,18.6,11.2,2.3
1994,"Arizona",38,26.3,7.4,1.8,1.8,4.4,25.6,38.1
1994,"Arkansas",20.9,20.6,13.2,2.7,1.8,10.7,17.9,21.6
1994,"California",8,230.6,124,29.5,15.9,70.7,197,49.5
1994,"Colorado",33.8,23.7,14.4,5.5,3.9,7.8,21.6,33.1
1994,"Connecticut",3.6,26.9,7.1,8.5,4.1,3.1,14.6,7.3
1994,"Delaware",5.5,10.3,2.5,1.1,0.7,4.8,4.6,7.1
1994,"District of Columbia",0.1,2.7,1.7,1,1.4,0,1.8,0.3
1994,"Florida",62.5,118.3,22.1,1.5,4.3,15.5,84.4,97.2
1994,"Georgia",64.7,60.4,18.8,6.8,4,19.1,53.7,60.3
1994,"Hawaii",1.5,18.9,0,0,0.4,2.4,10.1,7.5
1994,"Idaho",0.9,8.6,3.2,1,0.9,3.5,7.3,0
1994,"Illinois",77.8,72.6,55.2,26.8,12.2,46.5,53.8,66.3
1994,"Indiana",122.1,54.3,27.8,10.2,5.6,44.8,42.6,101
1994,"Iowa",32.9,22.4,10.5,4.7,2.4,13.9,17,27.8
1994,"Kansas",28.4,21.5,22,4.2,3.2,18,17,29.5
1994,"Kentucky",84.6,35.2,11.7,4.6,3.2,19,28.5,76.2
1994,"Louisiana",21.8,106.3,84.2,3,1.7,114.5,54.4,38.7
1994,"Maine",1.7,18.5,0.2,3.1,1.8,6.5,7.7,1.3
1994,"Maryland",25.4,35,10,7,4.3,6.6,24.3,28.2
1994,"Massachusetts",9.6,51.9,20.3,16.2,8.9,6.2,27.9,22.6
1994,"Michigan",75.6,62,48.6,23.5,11.4,29.2,51.8,70.3
1994,"Minnesota",31.4,38,17.4,9.1,5.5,14.4,28.4,29.4
1994,"Mississippi",9.2,27.7,14.1,2,1.5,10.6,23,13.9
1994,"Missouri",50.9,43.6,14.2,8,4.7,10,36.8,49.2
1994,"Montana",18.3,9.7,2.8,1.2,0.8,4.8,6.7,17.3
1994,"Nebraska",15.1,14.2,6.6,2.6,2.2,5.7,10.8,14.6
1994,"Nevada",17,13.6,5.5,1.4,1.4,2.7,10.9,19.7
1994,"New Hampshire",3.1,10.8,1.1,2.6,1.3,1.2,5.5,4.4
1994,"New Jersey",6.1,80.7,37.4,18.1,11,19.7,60.1,15.3
1994,"New Mexico",26.2,14.5,11.7,1.8,1.4,7.3,14,27.9
1994,"New York",29.9,104.9,58,35.3,28,20.9,60.7,47.9
1994,"North Carolina",59.7,52.5,10.3,5.9,4.3,17.5,41.1,53.7
1994,"North Dakota",38,7.6,2.1,0.9,0.8,12.1,5,28.9
1994,"Ohio",130.7,74.7,46.4,22.4,11.2,46.6,58,113.6
1994,"Oklahoma",31.4,31.3,31.6,4.1,2.2,23.1,26.2,38.7
1994,"Oregon",4.2,24.7,8.1,2.3,1.8,6.1,21.5,5.3
1994,"Pennsylvania",135.2,93.1,39.2,25.7,14.2,62.1,62.3,103.2
1994,"Rhode Island",0,6.9,6,2.7,1.4,2.6,4,2.2
1994,"South Carolina",31.1,27.2,7.9,2.2,1.7,13.9,22.6,25.8
1994,"South Dakota",3.8,7.5,1.5,1.1,0.7,2.5,5.4,3.1
1994,"Tennessee",58.7,39.6,13.5,3.9,3.6,20.1,35.1,49.1
1994,"Texas",131,249.2,193.2,12.6,11.3,203.9,155.6,190
1994,"Utah",35.8,14.2,7.8,2.9,1.9,9.3,11.9,31.8
1994,"Vermont",0,5.5,0.3,1.4,0.6,0.4,3.4,0
1994,"Virginia",35,52.2,13.9,7,5,17.9,41.8,29.4
1994,"Washington",10.1,55.7,14,4.1,3.2,17.2,43.5,11.8
1994,"West Virginia",83.9,14.3,8.2,2.5,1.8,16.7,12,73.4
1994,"Wisconsin",40,34.8,19.1,10.1,5.1,16.1,26.8,35.8
1994,"Wyoming",46.3,8.1,5.8,0.8,1,10.6,5.8,42
1995,"Alabama",78.1,35.9,17.6,3.3,1.9,29.1,32.1,65.2
1995,"Alaska",1.2,16.9,22.9,1.8,2.5,22,12.3,2.4
1995,"Arizona",32.3,27.5,6.8,1.7,1.8,4.7,26,32.4
1995,"Arkansas",22.4,21.1,14.6,2.7,1.8,11.7,18.4,23.5
1995,"California",8,231.4,112,26.7,17.1,69.2,201.3,37.1
1995,"Colorado",32.5,24.4,15.3,6,3.9,7.8,22.3,32.2
1995,"Connecticut",3.8,25.4,7.8,7.7,3.8,2.9,14.4,8.2
1995,"Delaware",5,9.1,3.4,1.2,0.6,4.7,4.3,6.7
1995,"District of Columbia",0,2.6,1.7,0.9,1.4,0,1.8,0.2
1995,"Florida",64.8,112.7,30.7,1.5,4.3,16.8,86.5,99.1
1995,"Georgia",68.2,63.3,20.3,7.2,4.1,20,56.2,64.3
1995,"Hawaii",1.9,18.4,0,0,0.2,2.4,10,7.7
1995,"Idaho",0.9,9.1,3.5,1,0.9,3.9,7.7,0
1995,"Illinois",78,73.8,58,28.3,12.5,46.8,55.2,67
1995,"Indiana",126.6,54.1,28.5,10.3,5.6,47.1,43.7,102.5
1995,"Iowa",35.2,23,11.2,4.8,2.6,14.5,17.7,29.8
1995,"Kansas",27.3,22.4,19.4,4.4,3.2,14.2,18.8,28.5
1995,"Kentucky",87.6,36.1,12.9,4.8,3.1,20.5,29.6,78.6
1995,"Louisiana",20.4,103.3,88.9,3,1.5,114.1,54.4,39.6
1995,"Maine",1.1,17.8,0.2,3.9,1.5,5.1,7.3,1.3
1995,"Maryland",27.3,32.1,10.4,6.9,4.7,6.2,24.8,27.2
1995,"Massachusetts",10,48.3,20.9,14.7,9.1,5.4,28.4,21.6
1995,"Michigan",74.3,63,51.5,24.4,12,29.6,53.3,69.5
1995,"Minnesota",31.9,38.6,18.9,9.4,5.9,14.8,29.5,29.8
1995,"Mississippi",9.8,26.7,15.8,1.9,1.4,10.5,23.3,15.2
1995,"Missouri",56.1,45.1,15,8.3,4.8,10.2,38.2,54.7
1995,"Montana",16.6,10.8,3.1,1.3,0.8,5.2,6.9,16.3
1995,"Nebraska",16.9,14.4,7.1,2.6,2.2,5.6,11.5,16.5
1995,"Nevada",15.3,14.2,5.9,1.3,1.4,3.1,11.4,18.2
1995,"New Hampshire",3.3,10.8,0.9,2.7,1.2,1.1,5.7,4.3
1995,"New Jersey",7.5,78.6,37.7,16.1,10,19.7,61.1,16.9
1995,"New Mexico",26,13.5,11.7,1.8,1.5,7.7,12.7,27.5
1995,"New York",28.8,101,68.6,34.3,27.1,22.8,62.6,51.6
1995,"North Carolina",62.6,55,11.2,6.6,4.1,18.7,42.7,56.7
1995,"North Dakota",37.7,7.7,2.2,1,0.7,12.6,5.1,28.2
1995,"Ohio",130.1,74.7,49,23,11.6,45.5,59.1,114.6
1995,"Oklahoma",34.9,29.3,31.1,4,2.3,23.2,25.1,40.7
1995,"Oregon",1.9,24.3,8,2.2,1.8,6.5,21.1,2.6
1995,"Pennsylvania",139.6,90.2,40.5,24.9,14.1,62,63,106.3
1995,"Rhode Island",0,6.6,5.4,2.4,1.3,2.3,4.1,1.9
1995,"South Carolina",29.6,27.3,8.4,2.3,1.7,13.7,22.7,24.9
1995,"South Dakota",3.5,7.4,1.9,1.2,0.8,2.3,5.5,3
1995,"Tennessee",63.1,41.4,14.1,4,3.6,19.9,37,54.1
1995,"Texas",128.8,248.4,200.7,12.1,13,209.1,153.4,190.3
1995,"Utah",34,15.2,8.9,2.9,1.8,10.5,12.9,30
1995,"Vermont",0,5.5,0.3,1.4,0.5,0.4,3.5,0
1995,"Virginia",36.3,52,15.1,7.2,5.3,17.8,42.4,30.7
1995,"Washington",6.5,57.3,14.1,4.1,3.2,16.7,45.6,8.3
1995,"West Virginia",82.1,14.3,8.4,2.4,1.8,15.4,12.2,73
1995,"Wisconsin",41.7,34.9,20.4,10.3,5.6,16.2,27.3,37.6
1995,"Wyoming",43.7,8.9,5.6,0.8,1,10.1,6.7,39.6
1996,"Alabama",83.9,35.7,18,3.7,2.2,29.9,31.5,70.3
1996,"Alaska",1,17.3,23.5,1.8,2.6,23.1,11.8,2.5
1996,"Arizona",32.4,29.5,6.6,1.7,1.9,4.9,27.6,32.4
1996,"Arkansas",24.6,21.4,14.6,2.8,1.9,11.5,18.7,25.7
1996,"California",7.5,235.8,107.1,27,14.7,71.5,204.4,32.8
1996,"Colorado",33,25.2,16.7,6.3,4.1,7.9,22.8,33.8
1996,"Connecticut",3.9,28.5,7.5,8.3,4.1,3,15.1,9.4
1996,"Delaware",4.8,10.2,3,1.2,0.7,4.6,4.8,6.7
1996,"District of Columbia",0,2.4,1.8,1,1.4,0,1.7,0.1
1996,"Florida",70.4,113.6,29.8,1.7,4.2,16.9,87.1,103.9
1996,"Georgia",68.2,67.1,20.9,7.9,4.1,20.7,59.4,64.1
1996,"Hawaii",1.9,17.3,0,0,0.1,2.4,8.7,8
1996,"Idaho",0.7,9.8,3.6,1.1,1,4.1,7.9,0
1996,"Illinois",86.7,76.4,60.3,30.6,13.2,47.7,57.2,74.7
1996,"Indiana",129.5,53.9,30.6,11.7,6.1,49.2,42.9,104.1
1996,"Iowa",36.2,23.2,11.8,5.6,3.1,13.9,18.9,29.7
1996,"Kansas",32,23.6,19.1,5,3.5,14.7,18.7,32.8
1996,"Kentucky",89.8,35.2,13.2,5.1,3.2,21.1,27.8,81
1996,"Louisiana",19.4,111.8,86,3.3,1.5,117.6,59.5,35.3
1996,"Maine",0.9,18.3,0.3,4.1,1.6,5.2,7.5,1.1
1996,"Maryland",27.6,33.9,10.4,7.7,4.3,6.9,25.3,27.7
1996,"Massachusetts",10.8,48.4,20.5,14.4,9.1,5.5,29.6,21.1
1996,"Michigan",75.2,64.9,53.9,26,12.5,30.3,53.8,71.4
1996,"Minnesota",33.4,40.9,19.9,10.7,6.2,16.5,30.4,30.4
1996,"Mississippi",12,28.4,14.7,2.1,1.6,10.9,23.5,17
1996,"Missouri",59.6,46.9,15.7,9.3,5.4,10.3,40.1,57.1
1996,"Montana",13.1,11.3,3.3,1.5,0.9,4.8,6.9,13.6
1996,"Nebraska",16.9,15.7,7,3.1,2.3,5.2,12.5,16.5
1996,"Nevada",16,15.3,6.6,1.4,1.6,2.7,12.6,19.6
1996,"New Hampshire",3.4,10.9,1.1,2.9,1.4,1.1,5.9,4.1
1996,"New Jersey",8.1,77,38.2,17.8,11.2,19.7,58.9,15.7
1996,"New Mexico",26.4,13.8,12.4,2,1.6,8.2,12.7,28.1
1996,"New York",29.4,106.4,65.2,36.6,28,23.5,65.7,47.2
1996,"North Carolina",70.2,58.8,11.7,7.5,4.6,18.7,45.2,64.7
1996,"North Dakota",38.1,8,2.5,1.2,0.9,11.8,5.2,29.5
1996,"Ohio",136.5,78.4,51.3,24.3,12.8,45,62,122.1
1996,"Oklahoma",35.2,31.4,31.2,4.6,2.8,22.3,26.5,41.6
1996,"Oregon",1.9,24.6,9.9,2.4,1.9,7.1,21.9,3.1
1996,"Pennsylvania",145.2,89.5,40.9,26.1,14.3,61.5,62.5,111.2
1996,"Rhode Island",0,6.9,6.7,2.7,1.4,1.9,4.1,3.5
1996,"South Carolina",33.2,27.9,8.2,2.5,1.7,13.2,23.2,28.7
1996,"South Dakota",3.1,7.7,2,1.5,0.8,2.4,5.6,2.5
1996,"Tennessee",61.4,42.5,15.3,4.8,4,19.6,38.1,52.7
1996,"Texas",140.3,268.6,212.5,13.1,11.2,230.4,165.9,200.8
1996,"Utah",33.9,16.1,8.8,3.1,2,10.1,13.4,30.2
1996,"Vermont",0,5.9,0.4,1.5,0.7,0.4,3.7,0
1996,"Virginia",40.4,53.2,14.3,8,6.1,17.7,42.7,33.4
1996,"Washington",8.5,57.3,15.2,4.8,3.3,17.5,44.7,10.7
1996,"West Virginia",86.1,12.7,8.7,2.6,2,13.8,10.9,78.2
1996,"Wisconsin",42.9,36.4,21.5,11.4,5.9,16.4,27.7,39.4
1996,"Wyoming",44.8,9.1,5.7,1,1.3,10.2,6.8,40.3
1997,"Alabama",81.7,34.8,17.8,3.4,2.4,28.9,31,68.6
1997,"Alaska",1.2,18.2,22.6,1.7,2.5,21.7,13.3,2.8
1997,"Arizona",34.9,29.3,7.2,1.9,1.9,5,27.6,35
1997,"Arkansas",23.3,22.4,14,2.7,1.8,11.9,19.3,24
1997,"California",7.8,229.1,115.9,26.7,15.3,76.2,198.8,35.8
1997,"Colorado",34.2,24.5,16.5,6.1,4.1,8.4,22.6,34
1997,"Connecticut",4.2,30.6,7.8,8,4.2,2.8,15.1,12.5
1997,"Delaware",4.6,9.4,2.6,1.1,0.7,4.3,4.7,5.8
1997,"District of Columbia",0.1,2.2,1.9,1,1.4,0,1.7,0.1
1997,"Florida",71,119,29,1.3,3.7,15.8,90.3,107.9
1997,"Georgia",72.4,64.5,20.2,7.2,4,20,57.2,68.7
1997,"Hawaii",2,16.8,0,0,0.2,2.3,8.3,8
1997,"Idaho",0.6,9.5,3.7,1.1,0.9,3.6,8.1,0.1
1997,"Illinois",92,76.5,58,28.5,12.8,48,57.5,79.7
1997,"Indiana",134.1,53.9,29.8,11,5.8,49.1,42.9,109
1997,"Iowa",36.9,22.7,11.1,5.2,3.3,13.5,18.4,30.3
1997,"Kansas",29.3,24.4,18,4.3,2.5,15.8,18.6,30.5
1997,"Kentucky",92.2,37.5,12.8,5,3.5,20,30.1,83.9
1997,"Louisiana",21.4,108,94.9,3.4,1.7,123.6,56.6,39
1997,"Maine",0.8,18.6,0.3,3.9,1.6,4.5,7.9,1.8
1997,"Maryland",27.3,33.4,11.5,7,4.2,7,26.1,27.9
1997,"Massachusetts",11.7,52.4,21.8,14.3,9.5,5.5,30.1,26.5
1997,"Michigan",73.6,65.2,52.5,24.8,11.9,28.2,55,71.4
1997,"Minnesota",32.3,40.6,19.2,9.7,6.2,15.7,29.9,30.6
1997,"Mississippi",12.4,29.5,14,2,1.5,10.2,24.3,17.9
1997,"Missouri",63.3,47.3,15.1,8.7,5.2,10.6,41,60.2
1997,"Montana",15.3,11,3.3,1.4,1,4.5,7,15.7
1997,"Nebraska",18.2,15.7,7,2.9,2.1,5.6,12.7,17.6
1997,"Nevada",15.7,15,7.2,1.6,1.4,2.9,12.6,19.4
1997,"New Hampshire",4.2,11.3,1.1,2.9,1.4,1,6.2,5.1
1997,"New Jersey",9.4,76.6,39,17.1,11.5,19.7,59.6,17.1
1997,"New Mexico",27.3,14.8,13.9,2.3,1.6,7.5,15.4,29.2
1997,"New York",30.7,102.7,72,34.8,29.8,22.5,65.6,52.7
1997,"North Carolina",72.4,59.1,11.8,6.9,4.5,18.6,46,67.3
1997,"North Dakota",36.4,8,2.9,1.2,0.9,11.7,5.3,28.2
1997,"Ohio",132.8,79.1,49.7,23,12.6,43,63.8,119.2
1997,"Oklahoma",37.1,31.6,30.4,4.3,3.1,23,26.2,42.5
1997,"Oregon",1.6,24.2,10.2,2.3,1.9,7.1,22,2.7
1997,"Pennsylvania",147.7,90.6,38.8,24.6,13.5,60.9,65.4,112.7
1997,"Rhode Island",0,7.2,6.3,2.6,1.4,1.6,4.6,3.3
1997,"South Carolina",34.2,29.3,8.4,2.3,1.8,13.8,24.3,29.7
1997,"South Dakota",4,7.2,2,1.3,0.8,2.3,5.4,3.4
1997,"Tennessee",64.2,43,15.5,4.4,3.9,20.2,38.5,55.7
1997,"Texas",143.8,292.3,210.4,13.6,13.1,244.1,170.3,205.4
1997,"Utah",35.3,16.5,9.1,3.3,2.1,10.2,14.1,31.2
1997,"Vermont",0.2,5.7,0.4,1.4,0.7,0.6,3.6,0
1997,"Virginia",40.8,55.5,13.8,7.6,5.6,18,44.1,34.8
1997,"Washington",7.5,57.2,14.2,4.8,3.3,16.2,45.7,8.9
1997,"West Virginia",88.5,13.5,9,2.6,1.9,12.4,11.9,82.2
1997,"Wisconsin",45.9,36.1,21.5,10.3,5.9,16.8,27.8,42.7
1997,"Wyoming",44.2,8.8,5.7,0.7,0.9,10.3,6.8,40
1998,"Alabama",80.7,34.8,18.1,3.1,1.9,26.4,31.6,70.6
1998,"Alaska",1.6,18.5,23,1.6,2.6,22.4,13.6,2.9
1998,"Arizona",36.6,31.4,8.5,2.1,2.3,4.7,29.8,37.6
1998,"Arkansas",24.1,22.4,14.5,2.4,1.7,11.7,19.5,25.7
1998,"California",6.2,228.7,128.3,32.2,17.7,74.4,199.6,39.3
1998,"Colorado",34.4,25.8,17.4,5.9,3.7,8.9,23.7,35.4
1998,"Connecticut",3.1,30.1,7.2,6.9,4,2.7,15.4,11.4
1998,"Delaware",4.3,9.5,2.2,1,0.6,4.2,4.7,5.5
1998,"District of Columbia",0,2.4,1.6,0.8,1.2,0,1.7,0.3
1998,"Florida",70.7,133.1,28.1,1.5,3.5,16,91.8,119.1
1998,"Georgia",72.5,65.8,20.1,6.8,3.6,18.6,59.1,70.3
1998,"Hawaii",1.7,17,0,0.1,1,1.7,8.1,7.8
1998,"Idaho",0.8,9.5,3.8,1.1,0.9,3.7,8.3,0.1
1998,"Illinois",89.5,75.8,51.7,23.6,10.9,45.3,58.7,78.5
1998,"Indiana",136.4,54.8,27.9,9.1,5.5,50,43.3,111.2
1998,"Iowa",40.2,24.6,9.8,4.3,2.9,14.2,19.1,34.1
1998,"Kansas",29.3,24.3,17.2,4.3,2.5,14.3,18.6,31.1
1998,"Kentucky",90.5,39,11.2,4.2,2.9,19.3,30.1,84.2
1998,"Louisiana",21.3,103.2,85.5,3,1.6,108.5,55.5,41.4
1998,"Maine",0.7,18.4,0.2,4.1,1.7,3.8,7.7,2
1998,"Maryland",28.7,36.2,10.3,6.2,4.7,6.3,26.9,31.1
1998,"Massachusetts",10.4,54.1,19.5,13.1,8.2,5.4,30.1,27.2
1998,"Michigan",78,66.2,46.3,21,10.1,26.7,56.3,76.4
1998,"Minnesota",33.7,40.4,18,8.1,5.5,15.6,31.4,31.5
1998,"Mississippi",11.9,31.7,13.4,1.9,1.5,9.4,24.5,19.7
1998,"Missouri",65.6,51,13.8,7.2,4.5,10.2,44.6,63.9
1998,"Montana",17.5,10.9,3.2,1.2,0.8,4.6,7,18
1998,"Nebraska",19.3,16.7,7,2.7,1.6,6.4,13.4,18.9
1998,"Nevada",17.4,15,8.3,1.9,1.5,2.9,13,21.4
1998,"New Hampshire",3.6,11.9,1,2.7,1.2,1,6.8,4.8
1998,"New Jersey",8.1,75.4,37,15.1,10.1,18.7,60.6,16
1998,"New Mexico",27.4,15.4,12.8,2.3,1.6,6.6,15.4,29.7
1998,"New York",31.7,105.5,67.1,31.6,27.8,21.7,66.1,57.1
1998,"North Carolina",71.3,59.7,11.8,6.7,4.3,17.4,47.1,67.3
1998,"North Dakota",38.6,7.3,2.4,1,0.8,11.7,4.7,30.1
1998,"Ohio",136.8,79,44.6,19.3,10.5,42.5,64.6,123.5
1998,"Oklahoma",34.9,31.8,31,4,2.7,20.9,26.8,43.3
1998,"Oregon",3.4,25.5,12.6,2.4,1.9,8,23,6.2
1998,"Pennsylvania",138.1,92.8,35.5,21,12,50.4,67.4,115.6
1998,"Rhode Island",0,6.7,7.1,2.4,1.1,2.6,4.4,3.3
1998,"South Carolina",35.2,31.1,8.8,2.2,1.9,13.8,25.7,31.5
1998,"South Dakota",3.8,7.2,1.8,1.1,0.7,2.1,5.6,3.3
1998,"Tennessee",61.6,44.9,15.2,4,3.6,20.4,39.4,54.3
1998,"Texas",140.6,294,217.5,12.1,11.1,234.8,179.4,214.7
1998,"Utah",37.3,16.8,9.5,3.3,2.2,11.7,14.3,32.1
1998,"Vermont",0,5.9,0.4,1.4,0.8,0.5,3.6,0
1998,"Virginia",41.4,56.4,14.4,7,5.4,17.8,44.9,37.1
1998,"Washington",9.8,57,16,4.7,3,20.4,43,11.7
1998,"West Virginia",92.2,14.4,8,2.2,1.9,14.9,12.5,83.1
1998,"Wisconsin",44.6,37.3,19.7,8.9,5.6,15.7,29.4,42
1998,"Wyoming",48.7,8.8,6.2,0.7,1,10.5,7.1,44.4
1999,"Alabama",81.7,35.8,18.5,3.3,2.1,26.8,32,71.8
1999,"Alaska",1.5,19.6,22.4,1.9,2.8,21.2,14.6,3
1999,"Arizona",38,33.3,8.9,2.1,2.2,4.8,31.4,39.7
1999,"Arkansas",25.2,24.3,13.7,2.7,1.8,11.2,20.7,26.8
1999,"California",6.6,234.1,126.2,31.9,15,72.7,204,43.3
1999,"Colorado",34.4,27.6,17.6,6.3,3.8,8.6,25.3,35.6
1999,"Connecticut",1.4,32,8.3,7.9,4.3,2.7,16.7,10.1
1999,"Delaware",3.4,9.8,3,1.1,0.6,4.6,4.9,5
1999,"District of Columbia",0,2.4,1.8,0.9,1.2,0.1,1.7,0.3
1999,"Florida",67.6,132.7,31,1.4,3.6,16.2,94.5,115.6
1999,"Georgia",73.9,68.6,18.5,6.4,3.3,18.6,61.1,71.6
1999,"Hawaii",1.7,16.8,0,0,0.2,1.6,8.8,7.9
1999,"Idaho",0.7,10.4,4,1.4,1.1,3.7,8.8,0.1
1999,"Illinois",90.4,82.3,53.7,25.8,11.4,44.9,64.8,79.5
1999,"Indiana",139.2,56.7,29.7,10.3,5.4,51.5,44.2,114.2
1999,"Iowa",40.8,24.9,10.7,5,3.4,14.9,18.9,34.2
1999,"Kansas",31.1,27.3,16.1,4.6,2.4,14.8,19.7,33
1999,"Kentucky",93.2,40,11.9,4.6,3.5,19.1,31.1,86.8
1999,"Louisiana",21.5,108.8,79.3,2.9,1.8,108.2,55.4,41.3
1999,"Maine",0.7,19.5,0.3,4,1.5,3.6,8,3.4
1999,"Maryland",28.8,38.2,10.7,6.6,4.5,6.3,28.3,32
1999,"Massachusetts",10.8,51.5,19.2,13.9,6.3,6.1,30.9,24.3
1999,"Michigan",78.5,69.6,50.2,23.2,10.6,30.2,58.7,75.6
1999,"Minnesota",32.2,42,18.6,8.5,5.5,15,33.5,30.3
1999,"Mississippi",13,32.1,16.9,1.9,1.4,12,25.8,20.9
1999,"Missouri",64.9,52,14.3,7.8,4.8,11.5,44,63.1
1999,"Montana",17.6,11.4,3.4,1.3,0.8,4.9,7.3,18.1
1999,"Nebraska",18.7,16.6,6.5,2.7,1.6,5.6,13.7,18.2
1999,"Nevada",17.2,15.6,8.6,1.9,1.4,2.7,13.9,21.5
1999,"New Hampshire",3.3,12.5,1.1,2.9,1.3,1,7.1,4.6
1999,"New Jersey",8.4,76.9,39.2,16.2,11.7,19.5,60.4,16.7
1999,"New Mexico",28.2,16,12.2,2.3,1.7,6.7,15.4,30.3
1999,"New York",30,107.2,69.4,34.3,30.3,17.8,66.6,57.6
1999,"North Carolina",70.1,59.2,12,6.3,4.1,16.2,48.1,66.6
1999,"North Dakota",38.8,7.8,2.8,1.1,0.9,11.5,5.6,30.3
1999,"Ohio",130.5,82.9,46.3,21.4,10.8,42.4,66.4,118.7
1999,"Oklahoma",34.1,33.7,29.2,3.8,2.4,20.6,28,42.2
1999,"Oregon",3.6,26.4,13.2,2.8,2.1,8.8,23.2,6.3
1999,"Pennsylvania",133.3,93.6,37.9,23.5,12.1,49.8,68,111.4
1999,"Rhode Island",0,6.7,6.3,2.3,1,2.2,4.6,2.9
1999,"South Carolina",38,31.5,8.9,2.3,2.3,13.4,26.4,34
1999,"South Dakota",4.4,7.2,1.8,1.1,0.7,2.2,5.7,3.7
1999,"Tennessee",61.2,46.1,15.2,4.3,3.7,20,40.6,53.9
1999,"Texas",144.5,278.3,205.5,11.7,11.4,208.7,177.8,218.7
1999,"Utah",36.2,17.1,9,3.2,2.2,9.2,14.8,32.9
1999,"Vermont",0.2,5.8,0.4,1.3,0.7,0.7,3.7,0
1999,"Virginia",41.9,56.9,15.3,7.1,5.4,17.3,45.8,38.5
1999,"Washington",9.1,58.8,16,5.3,3.5,20.7,43.7,10.7
1999,"West Virginia",93.7,14,7.8,2.4,2.1,13.1,12.2,85.7
1999,"Wisconsin",45.3,40.1,20.3,10,5.6,17.4,30.1,42.6
1999,"Wyoming",46.9,10.1,5.4,0.8,0.9,9.9,8.1,42.7
2000,"Alabama",85.2,37.4,19.5,3.6,2.2,26.1,33.5,76.7
2000,"Alaska",1.6,19.5,23.2,1.8,2.6,21.2,15.5,3.2
2000,"Arizona",40.9,34.2,11,2.2,2.2,4.7,32.2,44.8
2000,"Arkansas",25.3,24.8,13.7,2.9,2.1,11.5,20.8,26.5
2000,"California",6.6,245.4,130.2,27.5,14.3,72.4,215.1,52.9
2000,"Colorado",36.6,28.5,19.5,6.8,3.7,9.4,25.5,39.2
2000,"Connecticut",3.4,30.9,8.7,8.6,4.5,2.9,16.2,10.8
2000,"Delaware",4.7,9.2,2.7,1.2,0.6,4.4,5.1,5.3
2000,"District of Columbia",0,2.5,1.8,0.9,1.4,0,1.8,0.2
2000,"Florida",71.8,137.4,30.4,1.5,4.8,15.2,100.2,117.9
2000,"Georgia",77.4,69.4,22.4,8.7,4.1,19.6,61.2,75.6
2000,"Hawaii",1.7,17.1,0,0,0.2,1.5,9,8.1
2000,"Idaho",1.3,10.4,3.9,1.5,1,4.3,8.7,0.1
2000,"Illinois",95.9,82.5,55.1,26.6,12.2,42.5,66.5,85.7
2000,"Indiana",150.1,57.6,30.5,10.5,6.1,54.8,46.2,120.6
2000,"Iowa",42.1,24.8,10.7,5.1,3.2,14.7,18.6,36
2000,"Kansas",34.2,25.2,16.8,4.5,2.6,14.4,18.6,36.1
2000,"Kentucky",94.2,39.2,12.4,4.7,3.1,18.3,31.3,88.4
2000,"Louisiana",23.9,123.3,82.7,3.3,2.5,120.2,61.2,42.7
2000,"Maine",0.9,18.9,2.6,3.9,1.9,4.5,8.5,3.6
2000,"Maryland",29.5,36.5,11.5,7.1,4.7,6.1,28.5,31.1
2000,"Massachusetts",10.7,52.7,18.8,15.5,6.7,5.8,31.9,22.3
2000,"Michigan",75.4,66.9,51.5,24.1,11.1,28.5,56.9,73.2
2000,"Minnesota",35.3,43.3,19.4,9.3,5.8,15.4,34.7,32.8
2000,"Mississippi",13.9,31.1,16.6,2.4,1.6,11.1,25.1,21.4
2000,"Missouri",65,45.7,15.3,7.7,4.6,10,39.2,64.5
2000,"Montana",16.7,11.1,3.6,1.4,0.8,4.5,7.4,17.3
2000,"Nebraska",19.6,15.3,6.8,2.8,1.7,5.9,12.1,19.2
2000,"Nevada",18.8,16.2,10.3,1.8,1.6,2.5,14.4,25
2000,"New Hampshire",4.1,11.9,1.4,2.9,1.5,1.3,7.2,4.5
2000,"New Jersey",10.8,80.3,32.8,16.8,10.9,12.5,64.8,18.9
2000,"New Mexico",28.9,15.5,13.8,2.3,1.6,7.9,15.2,31.2
2000,"New York",31.2,113.7,67.9,39.2,32.2,17.5,67.1,56.8
2000,"North Carolina",74.2,62.1,12.8,7.1,4.7,16.9,49.7,70.7
2000,"North Dakota",40.1,7.9,2.8,1.2,0.9,12.3,5.5,30.9
2000,"Ohio",134.8,82.2,49.1,22.1,11.5,39.5,68.3,124.7
2000,"Oklahoma",35.9,35.1,29.1,4.2,2.5,19.2,30,44.2
2000,"Oregon",3.7,25.4,12.2,2.7,2.1,6.6,22.5,7.4
2000,"Pennsylvania",141.9,96.9,38.5,25.6,12.8,49.9,70.1,118.9
2000,"Rhode Island",0,6.9,4.7,2.5,1.2,0.7,4.6,2.6
2000,"South Carolina",40.8,32,8.8,2.4,1.8,13.5,27,36.9
2000,"South Dakota",4.8,7.3,2,1.2,0.7,2.6,5.7,3.9
2000,"Tennessee",66.5,46.6,14.9,4.8,3.8,19.2,41.3,58.9
2000,"Texas",146.2,279,227.3,12.9,13.6,216.2,182.1,227.7
2000,"Utah",37.9,17.8,9.2,3.2,2,10.7,15.6,33.4
2000,"Vermont",0,6.2,0.6,1.6,0.7,0.6,3.7,0.2
2000,"Virginia",47.8,60.6,14.8,8.2,5.9,17.5,48.5,43.1
2000,"Washington",10,57.3,15.7,5.2,3.4,15.8,44.6,14
2000,"West Virginia",92.4,14.2,8.4,2.4,2.2,13.3,12.7,84.4
2000,"Wisconsin",47.1,39.8,20.9,10.2,5.6,18.2,29.6,44.2
2000,"Wyoming",47.7,9.7,5.6,0.8,0.9,9.7,7.6,44
2001,"Alabama",79.4,35.9,18.2,3.5,2.1,22.6,31.4,73.9
2001,"Alaska",1.5,19.9,21.9,1.8,2.4,21.4,14.5,3.2
2001,"Arizona",40.1,35.4,12.9,2.2,2.1,4.8,33.3,46
2001,"Arkansas",25.8,24.8,12.3,2.7,2.1,11.5,19.7,26.9
2001,"California",6.4,247,133.2,28.6,14.8,74.4,211,57.8
2001,"Colorado",37.7,30.3,24.6,7.3,4.3,12.8,26.9,41.3
2001,"Connecticut",3.8,30,7.9,8.3,4.3,2.6,16.9,9.6
2001,"Delaware",3.6,9.8,2.7,1.2,0.7,4.3,4.7,5.2
2001,"District of Columbia",0.1,2.5,1.6,0.8,1.4,0.1,1.7,0.2
2001,"Florida",68.5,139.8,30.3,1.4,4.9,14.5,98.8,119
2001,"Georgia",72.8,69.3,19.3,7.4,3.8,18.9,61.1,70.2
2001,"Hawaii",1.7,17.4,0,0,0.1,1.5,9.5,8
2001,"Idaho",1,10.2,4.3,1.4,1,3.9,8.6,0.6
2001,"Illinois",92.8,80.9,50.8,24.1,11.6,38.7,64.3,85.8
2001,"Indiana",147.7,54.4,26.8,9.4,5.6,56.1,42.3,115.5
2001,"Iowa",42,24.3,10.3,4.4,3.2,14.4,18.5,36.1
2001,"Kansas",33.5,23.8,14.5,4.2,2.4,12.9,17.4,34.9
2001,"Kentucky",95.7,42.2,11.4,4,3,21.1,31.7,89.5
2001,"Louisiana",22.7,111.2,68.3,3.1,1.9,104.5,53.3,39.4
2001,"Maine",0.7,16.4,5.5,3.9,1.6,3.7,7.7,5.7
2001,"Maryland",30.2,38.1,9.8,6.4,4.9,7.6,28.7,30.5
2001,"Massachusetts",10.2,52.8,19.3,15.8,5.7,7,31.6,22.2
2001,"Michigan",74.4,66.3,49.1,23.5,10.7,26.4,56.3,72.9
2001,"Minnesota",33.4,43.3,18.3,8.9,5.8,14,33.9,32.4
2001,"Mississippi",18.8,33.5,18.1,2.4,1.7,11.2,24.3,30.8
2001,"Missouri",67.7,48.6,15.3,8.5,5.2,11,39.3,67.6
2001,"Montana",17.4,11,3.5,1.4,0.8,4.1,7.5,18.1
2001,"Nebraska",21.4,14.9,6.6,3,1.7,6.2,11.4,20.6
2001,"Nevada",17.8,17.3,9.6,2,1.4,2.6,14.4,24.3
2001,"New Hampshire",3.8,11.8,1.3,2.8,1.4,1.3,7.2,4.2
2001,"New Jersey",10.6,80.1,30.4,16.2,9.4,13.9,62.9,18.7
2001,"New Mexico",28.1,16.5,13.9,2.6,1.8,8,15.6,30.5
2001,"New York",28.9,115,63.9,38.1,30.7,16.3,66.8,55.9
2001,"North Carolina",71.4,61.5,11.4,6.7,4.5,16,49,68.1
2001,"North Dakota",39.6,9,3,1.2,0.9,13,5.9,30.6
2001,"Ohio",128.6,83.5,44.4,19.5,11.1,39.4,68.2,118.3
2001,"Oklahoma",35.6,39.2,26.7,4.1,2.6,18.2,32.8,43.8
2001,"Oregon",4.1,24,12.5,2.7,2.1,5.6,21.5,8.7
2001,"Pennsylvania",131,98,35.5,24.4,12.5,48.8,70,108.8
2001,"Rhode Island",0,7,5.2,2.6,1.3,0.5,4.6,3.2
2001,"South Carolina",39.1,33.2,7.8,2.2,1.7,14,27.3,34.9
2001,"South Dakota",4.2,7.3,2,1.2,0.7,2.1,5.7,3.8
2001,"Tennessee",64.9,47.8,14,4.5,3.8,20.9,41.1,56.4
2001,"Texas",140.9,286.1,219.8,14,11.7,212.4,189.8,218.9
2001,"Utah",36.2,17.8,8.9,3.3,2.2,9.6,15,32.8
2001,"Vermont",0,6.2,0.3,1.5,0.8,0.5,3.7,0
2001,"Virginia",46,61.8,13.1,7.4,5.4,17,48.4,42.7
2001,"Washington",9.4,53.2,17,5.9,3.8,13.3,42.6,14
2001,"West Virginia",81.8,15.2,7.9,2.4,2,13.2,12.4,74.9
2001,"Wisconsin",46.6,40,19.3,9.7,5.4,17.4,29.5,43.9
2001,"Wyoming",47.1,10.8,5.4,0.8,1,9.9,7.7,43.9
2002,"Alabama",79.7,38,20.7,3.2,2,22.4,33.4,77.4
2002,"Alaska",1.6,19.7,22.3,1.7,2,21.8,14.8,3.3
2002,"Arizona",38.4,35.9,13.5,2.2,2.2,4.3,34.1,45
2002,"Arkansas",24.1,24,13.1,2.6,2.1,10.8,20.2,25.5
2002,"California",6.6,256.4,123,28.6,14.2,76.2,223.2,43.8
2002,"Colorado",36.8,29.6,24.3,7.6,4.2,12.1,26.7,40.1
2002,"Connecticut",3.2,27.2,9.6,8.1,4.1,2.5,16.7,8.6
2002,"Delaware",3.8,9.2,2.8,1.2,0.7,3.9,4.9,5.1
2002,"District of Columbia",0,2.5,1.8,1,1.3,0.1,1.6,0.3
2002,"Florida",67.9,136.2,37.6,1.3,5,13,101.2,121.2
2002,"Georgia",76.1,69.3,20.9,7.7,3.3,18.9,61.4,75
2002,"Hawaii",1.6,18.8,0,0,0.2,1.6,10,8.6
2002,"Idaho",0.9,10.2,3.8,1.4,0.9,3.8,8.7,0.1
2002,"Illinois",93,77.9,55.7,25.9,12.3,38,62.2,88.2
2002,"Indiana",145.4,57.9,28.6,10.1,5.9,55.5,45.6,114.8
2002,"Iowa",41.7,25.1,10.3,4.7,3.2,14.3,19.1,35.8
2002,"Kansas",37,23.6,16.3,4.4,2.5,14.2,17.7,38.1
2002,"Kentucky",89.7,47.2,12.6,4.1,3.1,20.5,32.8,89
2002,"Louisiana",21.9,113.4,75.1,2.9,1.9,109.6,54.6,41.4
2002,"Maine",0.7,16.6,6.7,3.5,1.8,4.1,8.7,5.9
2002,"Maryland",30.7,36.3,10.6,6.7,4.8,7.2,28.2,30.7
2002,"Massachusetts",11.2,50.4,21.4,15.7,5.9,6.8,31.6,23
2002,"Michigan",69.8,67.2,52.2,24.8,10.9,24.8,57.5,71.2
2002,"Minnesota",34.1,43.7,19.8,9.3,6.4,14.4,34.5,33
2002,"Mississippi",14.5,29.3,18.9,2.1,1.5,11.1,24.9,23.1
2002,"Missouri",68.5,49,14.7,7.8,4.6,11.5,40.2,68.1
2002,"Montana",15.7,11.3,3.8,1.5,0.9,4.5,7.5,16.4
2002,"Nebraska",20.5,15.3,6.4,2.8,1.6,6.1,11.6,20.1
2002,"Nevada",15.6,16.2,9.6,2,1.4,2.2,14.7,21.1
2002,"New Hampshire",3.8,12.5,1.4,2.6,1.4,1.1,8.1,4.5
2002,"New Jersey",9.9,78.9,32.7,15.7,9.5,13.4,63.8,19.1
2002,"New Mexico",26.9,16.3,12.2,2.3,1.7,7.3,15.4,28.7
2002,"New York",26.4,110.5,65.2,36,31.4,14.7,68.5,51.5
2002,"North Carolina",72.8,60,12.8,6.3,4,15.2,49.6,70.5
2002,"North Dakota",39.8,8.2,3.2,1.1,0.9,12.2,6,31
2002,"Ohio",131.8,84.9,45.7,20.5,11.1,37.7,68.7,124.4
2002,"Oklahoma",37,37.1,27.7,4.4,2.5,18,30.7,46.2
2002,"Oregon",3.6,24.6,10.9,2.7,2.1,5.9,21.9,6.5
2002,"Pennsylvania",137.1,97,37.2,23.8,12.6,48.3,70.4,116.2
2002,"Rhode Island",0,6.9,4.7,2.5,1.1,0.5,4.6,2.9
2002,"South Carolina",38.1,33.1,10.2,2.1,1.7,14.1,27.9,35.6
2002,"South Dakota",3.8,7.9,2.2,1.2,0.7,2.4,6.2,3.4
2002,"Tennessee",61.9,50.1,13.9,4.6,3.7,20.1,43.6,53.9
2002,"Texas",146.3,286.3,223.2,13.9,14.3,205.8,196.5,225.3
2002,"Utah",35.1,18.1,9.1,3.5,2.6,6.5,15.6,34.1
2002,"Vermont",0,5.8,0.4,1.4,0.7,0.5,3.6,0
2002,"Virginia",45.5,59.8,14,7.2,5,16.8,48.6,41.7
2002,"Washington",9.5,50.9,12.8,5.5,3.3,11.5,41.4,11.5
2002,"West Virginia",93.7,15.8,8.2,2.2,1.7,14.7,12.3,86.8
2002,"Wisconsin",46.5,40.2,20.6,10.4,5.9,17.7,29.6,43.7
2002,"Wyoming",45.3,10.5,6.2,0.9,0.9,10.1,7.6,42.5
2003,"Alabama",82.4,37.8,19.1,3,2.1,23.7,32.3,78.2
2003,"Alaska",1.2,20.3,22,1.7,1.9,21.5,15.5,2.9
2003,"Arizona",38.4,36.6,14.5,2.1,2,4.1,35.2,46.1
2003,"Arkansas",23.9,24.6,13.5,2.5,2.1,10.8,20.3,26.3
2003,"California",6.6,244.2,122.9,28.3,14,75.5,213.2,42.7
2003,"Colorado",37.2,29.7,23.2,7.6,4.1,11.9,26.3,40.2
2003,"Connecticut",3.9,30.5,8.4,9.6,4.9,3,17.4,7.9
2003,"Delaware",4.4,9.4,2.5,1.3,0.8,3.6,4.8,5.8
2003,"District of Columbia",0,2.2,1.7,1,1.2,0.1,1.5,0.1
2003,"Florida",68.4,139.6,38,1.4,4.9,13.9,99.7,126.1
2003,"Georgia",77.3,71.2,20.7,7.9,3.4,19.6,63.2,75.1
2003,"Hawaii",1.7,19.6,0,0,0.2,1.6,11.6,7.9
2003,"Idaho",0.9,9.7,3.9,1.3,0.9,3.5,8.3,0.5
2003,"Illinois",95.2,81.7,53.2,26.5,12.8,37.4,65.1,88.3
2003,"Indiana",147.7,59.9,30,11,6.8,56.1,47.1,116.6
2003,"Iowa",41.9,24.2,10.4,4.8,3.4,13.1,19.3,35.9
2003,"Kansas",36.8,26.7,15.1,4.4,2.4,14.3,19.5,38
2003,"Kentucky",89,44.1,12.3,4.3,3,19.5,31.4,87.2
2003,"Louisiana",23.4,115,68.8,2.8,2.4,108.6,54.4,39
2003,"Maine",0.7,19.1,3.9,4.8,2.3,2.5,9.3,4.8
2003,"Maryland",31.1,38.8,10.8,7.4,5.3,6.9,29.4,31.7
2003,"Massachusetts",10.3,52.2,22,16.3,7.1,4.5,31.5,25.1
2003,"Michigan",70.5,65.6,50.6,26,11.3,24.3,55.2,69.9
2003,"Minnesota",36.8,44.8,19.9,9.8,6.4,14.3,34.6,36.4
2003,"Mississippi",16.9,32.9,14.7,2,1.7,11.2,26.4,23.2
2003,"Missouri",75.2,50.1,14.1,7.8,4.6,11.4,41.7,73.9
2003,"Montana",17.8,11.2,3.7,1.5,1,4.6,7.2,18.4
2003,"Nebraska",21.4,15.6,6.4,2.8,1.7,6,12,20.9
2003,"Nevada",17.2,16.3,10.1,2,1.5,2.1,15,23
2003,"New Hampshire",3.9,14,2.9,3.2,1.7,1.1,7.6,7.2
2003,"New Jersey",10.1,79.2,33.7,18.4,10.6,13.6,62.3,18.1
2003,"New Mexico",28.9,16.7,11.9,2.2,1.8,7.8,15,30.7
2003,"New York",27,125.4,60.1,39,33.2,14.1,73.3,52.9
2003,"North Carolina",72.8,61.5,12,7.1,4.8,14.2,50.3,69.9
2003,"North Dakota",39.6,8.4,3,1.2,0.9,12.3,6.1,30.5
2003,"Ohio",136.2,87.6,46.6,22,11.5,39.2,69.4,128.3
2003,"Oklahoma",37.1,37.3,29.4,4.1,2.2,19.7,31.2,46.6
2003,"Oregon",4.2,24,11.4,2.6,1.8,5.2,21.9,8.1
2003,"Pennsylvania",137.4,99.4,38,26.2,13.2,49.3,69.3,116.8
2003,"Rhode Island",0,7.2,4.2,2.8,1.3,0.5,4.5,2.3
2003,"South Carolina",39.6,34.3,8,2.3,1.7,14.1,28.1,35.7
2003,"South Dakota",4.1,7.4,2.3,1.2,0.8,2.4,5.8,3.6
2003,"Tennessee",58.6,51.3,14.1,4.6,4.1,19.9,44.7,50.7
2003,"Texas",151.4,288.3,209.5,13.3,14.2,206.6,189.9,225.2
2003,"Utah",35.7,18.4,8.7,3.2,2.2,6.6,15.7,35.1
2003,"Vermont",0,6.1,0.4,1.6,0.7,0.5,3.7,0
2003,"Virginia",43.6,65.3,14.4,8.2,5.7,17.7,50.4,41.3
2003,"Washington",11.1,50.5,13.6,5,3.2,11.5,41.5,14
2003,"West Virginia",92.3,14.8,7.1,2.3,1.8,12.5,11.7,85.9
2003,"Wisconsin",46,38,21.2,10.6,6.1,15.7,29.2,43.6
2003,"Wyoming",46.5,10.9,6.4,0.8,0.9,10.2,8.4,43.5
2004,"Alabama",80.5,40.4,20.8,3,2.1,24,34.9,77.7
2004,"Alaska",1.4,23.7,21.7,1.8,2.2,20.8,18.8,3.2
2004,"Arizona",40.1,37.5,18.9,2.3,2,4.6,36,51.6
2004,"Arkansas",25.5,25.3,11.6,2.3,2,10.5,20.4,27.2
2004,"California",6.4,255.1,130.6,29.4,14.1,79.6,222.7,46.3
2004,"Colorado",36.7,32.9,23.3,7.1,4,12.6,29,40.2
2004,"Connecticut",4.1,31.7,8.8,10.1,3.9,2.7,19.2,8.7
2004,"Delaware",5.1,8.8,2.7,1.2,0.8,3.7,4.9,6
2004,"District of Columbia",0.1,2.3,1.7,1,1.3,0.1,1.6,0.1
2004,"Florida",66,151,40.2,1.6,5.8,12.8,110.6,126.4
2004,"Georgia",78.8,74.1,21.6,7.8,3.8,19.8,66,77.1
2004,"Hawaii",1.7,20.6,0,0,0.2,1.6,12.3,8.2
2004,"Idaho",1.1,10.3,4,1.5,0.9,3.8,8.6,0.6
2004,"Illinois",100.9,85.8,50.7,24.9,12.2,37.7,68.6,94
2004,"Indiana",151.7,58.3,27.9,9.6,6.4,58,44.8,119.1
2004,"Iowa",41.8,26.6,10.4,4.3,3.2,14.6,20.3,36.4
2004,"Kansas",36.4,25.4,13.8,4.1,2.3,13,18.9,37.3
2004,"Kentucky",90.8,48.8,12.4,4,3.1,21.6,34.2,89.1
2004,"Louisiana",24.2,122.7,70.9,2.5,2.2,118.8,53.4,40.9
2004,"Maine",0.7,18.6,4.8,5.2,2.2,3.5,8.6,4.6
2004,"Maryland",30.8,40.2,10.6,7.1,5.2,7.4,31,30.9
2004,"Massachusetts",9.9,52.6,20.4,14.9,6.6,4.3,33.3,23.8
2004,"Michigan",73,66,49.8,23.9,10.8,25,55.9,73.2
2004,"Minnesota",35.7,45.9,19.3,9.4,6,14.9,35.7,34.9
2004,"Mississippi",17.5,33.1,15.4,1.8,1.5,11.8,25.7,25.2
2004,"Missouri",76.2,49.9,14.2,7.2,4.5,13,40.6,75
2004,"Montana",18.5,12.3,3.7,1.6,1.1,5,7.8,19
2004,"Nebraska",21.1,16,6.2,2.6,1.8,6.2,12.1,20.6
2004,"Nevada",18.3,17.7,11.8,2.2,1.7,2.5,16,25.4
2004,"New Hampshire",4.1,14.4,3.4,3.3,1.9,1.1,7.8,7.8
2004,"New Jersey",10.6,81,34.1,17.4,10.9,13.9,64.5,19
2004,"New Mexico",29.2,17.2,12.2,2.3,1.7,8.3,15.6,30.7
2004,"New York",26,129.2,59.8,38.1,34.9,13.7,74.9,53.4
2004,"North Carolina",73.9,63.5,12.4,7.2,5.2,14.6,51.9,70.9
2004,"North Dakota",37.5,8.9,3,1.2,1,11.7,6.3,29.2
2004,"Ohio",131.2,87.7,45.7,20.7,11.5,37.5,70.9,124
2004,"Oklahoma",35.1,35.4,29.4,3.8,2.3,20.4,28.8,44.6
2004,"Oregon",3.4,24.6,12.6,2.5,1.7,5.6,22.7,8.1
2004,"Pennsylvania",138.6,100.8,38.4,25.2,12.9,49.1,70.9,119.7
2004,"Rhode Island",0,6.9,3.9,2.8,1.2,0.6,4.3,1.9
2004,"South Carolina",41,39.5,8.9,2.3,1.7,14.4,32,39
2004,"South Dakota",4.1,7.4,2.2,1.1,0.6,2.3,5.9,3.8
2004,"Tennessee",61.1,52.2,12.7,4.4,3.8,19.7,44.8,53.3
2004,"Texas",153.4,286.9,202.3,12.2,11.9,201.9,192.3,224.3
2004,"Utah",37.6,19,8.7,3.5,2.4,7.9,16.4,35.1
2004,"Vermont",0,6.6,0.4,1.8,0.8,0.6,3.8,0
2004,"Virginia",42.6,69.6,15.1,8.3,5.6,18,54.3,41.1
2004,"Washington",10.6,52,14.3,4.9,3,12,43,14
2004,"West Virginia",88.4,16.2,6.9,2.3,1.7,13.1,12.4,82
2004,"Wisconsin",47,40,20.4,10.1,5.7,16.5,30.5,44.6
2004,"Wyoming",47.2,10.6,6,0.8,1,10,8,44
2005,"Alabama",84,40,19.3,2.7,1.9,22.7,34.7,81.3
2005,"Alaska",1.4,23.6,23.1,1.8,2.1,22.3,18.6,3.3
2005,"Arizona",40.5,38.8,17.4,2.1,2,5,36.8,50.8
2005,"Arkansas",23.4,25.3,11.5,2.2,2.1,10.1,20.5,25.3
2005,"California",6.4,260.8,122.3,28.3,14.2,76.4,228.6,42
2005,"Colorado",36.6,33.5,25.3,7.5,4.1,13.6,29.6,40.6
2005,"Connecticut",4,31.1,9,9.2,3.7,2.9,18.3,10
2005,"Delaware",5.4,9.5,2.6,1.2,0.8,3.9,5.2,6.4
2005,"District of Columbia",0.1,2,1.8,0.9,1.4,0.1,1.3,0.2
2005,"Florida",63.5,154.4,42.7,1.5,5.7,13.1,113.4,126.9
2005,"Georgia",85.1,77.2,22.7,7.5,3.6,19.9,68.9,85.1
2005,"Hawaii",1.5,21.4,0,0,0.2,1.9,12.7,8.1
2005,"Idaho",1,10.5,4.1,1.5,0.9,4,8.6,0.6
2005,"Illinois",98.9,93.2,51.6,24.5,11.7,38.1,76.1,93.3
2005,"Indiana",150.2,58,28.5,9.4,5.4,54.7,45,122.2
2005,"Iowa",40.6,27,11.2,4.3,3.2,14.7,21,35.6
2005,"Kansas",35.9,22.4,13.7,4,1.8,11.5,17.6,37.1
2005,"Kentucky",93.2,48,12.8,4,3,21.6,33.2,92.2
2005,"Louisiana",24,116.9,69.8,2.5,2.1,112.4,50.8,42.9
2005,"Maine",0.7,19,3.5,4.6,2.1,3.3,9.3,3.9
2005,"Maryland",31.1,41.2,11.2,7.2,5,7.3,31.9,32.1
2005,"Massachusetts",11.3,52.8,20.6,14.8,6.8,4.7,33.7,24.7
2005,"Michigan",75.4,65.9,49.2,23.9,10.6,25.1,55.3,75.6
2005,"Minnesota",35.7,46.4,19.7,9,6,15.1,36.2,35.5
2005,"Mississippi",16.7,31,16.4,1.7,1.4,10.9,25.1,25
2005,"Missouri",78.9,49.8,14.5,7,4.2,12.6,41.3,78.1
2005,"Montana",18.8,12.9,3.7,1.6,1.1,5.3,8.2,19.2
2005,"Nebraska",21.5,15.6,6.3,2.5,1.6,6,12.1,21.2
2005,"Nevada",18.6,18.6,12.5,2.2,1.8,2.8,16.6,26.3
2005,"New Hampshire",4.2,13.3,3.8,3.1,2,1.1,7.3,7.8
2005,"New Jersey",11.8,85.6,33.2,16.8,11.3,13.9,69.3,19.3
2005,"New Mexico",30,17.3,12,2.3,1.7,8.1,15.2,32
2005,"New York",24.2,128.6,58.7,39,28.6,14.6,73.3,56
2005,"North Carolina",76.6,64.6,12.6,6.5,5,14.7,53.1,74.5
2005,"North Dakota",40.7,9.1,2.6,1.1,1.1,12.4,6.2,31.6
2005,"Ohio",139.9,86.3,45.7,20.6,10.9,37.2,70.6,132.6
2005,"Oklahoma",37.6,37.7,31.8,3.7,2.4,21.3,30.4,49.3
2005,"Oregon",3.3,25,12.7,2.7,1.8,5.2,23.2,8.1
2005,"Pennsylvania",140.5,102.5,38.1,23.8,12.9,47.7,72.2,124.5
2005,"Rhode Island",0,6.8,4.3,2.7,1.1,0.6,4.3,2.4
2005,"South Carolina",40.7,37.7,9.5,2.3,1.7,13.6,30.4,39.9
2005,"South Dakota",3.5,7.5,2.3,1.1,0.6,2.3,6,3.3
2005,"Tennessee",62.1,52.6,12.6,4.4,3.6,19.5,45,54.8
2005,"Texas",153.7,283.7,181,12,10.6,173.4,193.6,228.8
2005,"Utah",38.3,19.8,8.9,3.3,2.3,9,16.6,35.8
2005,"Vermont",0,6.4,0.4,1.7,0.7,0.6,3.8,0
2005,"Virginia",43.3,69.3,16.5,8.3,5.6,18.1,55.3,41.8
2005,"Washington",10.6,53.5,14.5,5,3.3,12.8,43.4,14.1
2005,"West Virginia",90.6,16.2,6.6,2.1,1.8,12,12.5,85
2005,"Wisconsin",49.4,39.5,22,10,6.2,16.1,30,48.6
2005,"Wyoming",46.4,10.9,5.9,0.8,0.8,10,8.3,43.3
2006,"Alabama",83.7,40.7,21.3,2.5,2.2,22.1,35.3,83.6
2006,"Alaska",1.4,24.5,20,2.2,2.4,18.9,18.9,3.5
2006,"Arizona",40.8,39.9,19.3,2.1,2.1,5.1,37.9,52.8
2006,"Arkansas",24.3,25,12.8,2,1.9,10.3,20.5,27.4
2006,"California",6.4,265.3,126.1,28.4,14.5,75.4,233,46.5
2006,"Colorado",37.2,34.7,24.3,7,3.7,13.6,30.4,41.5
2006,"Connecticut",4.3,27.3,9.4,7.9,3.3,2.8,17.5,9.5
2006,"Delaware",5.4,8.6,2.3,1,0.7,3.7,5.2,5.7
2006,"District of Columbia",0,1.7,1.5,0.7,1.1,0.1,1.2,0.1
2006,"Florida",65.7,144.7,48.8,1.5,5.2,13.2,116,123.3
2006,"Georgia",84.4,75.2,23,6.7,3.2,18.9,67.9,85.9
2006,"Hawaii",1.6,21.6,0,0,0.2,2,12.9,8.1
2006,"Idaho",0.8,10.8,4.2,1.6,1,3.5,9.2,0.5
2006,"Illinois",98.7,89.3,47.6,22.4,11.5,37.4,72.5,91.8
2006,"Indiana",149.6,58.9,26.5,8,4.7,54.2,45.9,122.2
2006,"Iowa",41.2,27.9,11,4,3.5,15.2,21.6,35.8
2006,"Kansas",34.4,23.8,14.3,3.5,1.7,13.2,18.9,35.2
2006,"Kentucky",96.6,48.8,11.6,3.2,2.5,23.1,33.1,95.1
2006,"Louisiana",25.1,128.4,69.4,2,1.4,127,54.7,37.8
2006,"Maine",0.7,17,3.7,4,1.8,3.5,9.3,2.8
2006,"Maryland",30.7,36.6,10,5.9,4.6,5.6,31.8,29.4
2006,"Massachusetts",10.6,46,20.1,12.8,5,4.5,32.7,21.7
2006,"Michigan",73,63,43.4,20.1,9.1,23.3,55.1,71.8
2006,"Minnesota",35,45.2,19,8.1,5.9,15.1,35.7,34.4
2006,"Mississippi",17.9,31.6,16.9,1.6,1.3,11.3,26.6,25.6
2006,"Missouri",78.2,50,13.8,6.3,4,12.6,41.7,77.4
2006,"Montana",18.3,13.4,3.9,1.5,1.1,5.8,8.4,18.8
2006,"Nebraska",21.5,15.9,6.9,2.3,1.7,6.9,12.3,21.1
2006,"Nevada",7.9,19.8,13.6,2.3,1.8,2.8,17.8,16.6
2006,"New Hampshire",4.2,11.7,3.5,2.8,1.4,1.2,7.2,6.8
2006,"New Jersey",10.9,82.2,30.1,14.1,9.6,12.7,68.5,18.3
2006,"New Mexico",29.9,17.9,12.1,2.1,1.6,7.6,15.9,32.7
2006,"New York",24.2,109.6,59.5,32.4,25.5,14.1,74.3,47
2006,"North Carolina",73.3,62.9,12.2,5.6,4.5,13.8,52.7,71.8
2006,"North Dakota",39.2,8.8,2.6,0.9,0.8,12.8,6.1,30
2006,"Ohio",136.9,87.1,40.9,17.2,9.4,38.2,71.2,128.9
2006,"Oklahoma",36.3,39.9,34.1,3.4,2.2,23.3,31.3,50.1
2006,"Oregon",2.6,25.6,12.3,2.7,1.8,5.8,23.8,6.4
2006,"Pennsylvania",141.2,97.3,36.2,20.1,11.6,47.5,71.7,123.8
2006,"Rhode Island",0,6.4,4.1,2.2,0.9,0.6,4.5,2.3
2006,"South Carolina",40.8,38.1,9.6,2,1.8,12.9,31.8,40
2006,"South Dakota",3.7,7.5,2.2,1,0.6,2.2,6.1,3.5
2006,"Tennessee",64,53.5,12.3,4.1,3.4,19.9,45.4,57
2006,"Texas",152.1,296.9,180.5,10.5,9.7,181.4,201,226.9
2006,"Utah",36.2,21.9,10.5,3.6,2.3,8.1,18.3,36.3
2006,"Vermont",0,6.3,0.4,1.6,0.6,0.6,3.9,0
2006,"Virginia",41,66.6,15,6.9,5,17.1,56.4,37.2
2006,"Washington",6.5,55.6,14.4,5.1,3.4,13.9,44.6,9.5
2006,"West Virginia",90.5,16.4,6.6,1.9,1.6,12.1,12.4,85.5
2006,"Wisconsin",43.8,39.3,20.1,8.9,5.3,15.4,30.5,43.1
2006,"Wyoming",46.3,11.8,5.9,0.7,0.8,10.9,8.6,43
2007,"Alabama",83.8,40.7,22.9,2.3,2,21.5,35.7,85.9
2007,"Alaska",1.3,23,19.8,1.9,2.1,19.1,17.7,3.3
2007,"Arizona",41.4,39.1,21.4,2.3,2.1,4.9,37.4,55.2
2007,"Arkansas",25.9,25.2,12.2,2.1,1.8,10,20.8,28.6
2007,"California",6.3,265.5,131,28.6,15.1,73.4,235.6,50.1
2007,"Colorado",36.7,35,27.2,7.7,3.7,13.6,31,42.9
2007,"Connecticut",3.8,26.8,9.8,8.3,3.4,2.4,17.4,8.9
2007,"Delaware",6.1,8.5,2.7,1.1,0.7,3.6,5.2,6.7
2007,"District of Columbia",0,1.5,1.8,0.8,1.2,0,1.2,0.1
2007,"Florida",68,138.8,50.1,1.3,4.7,11.8,114.5,124.6
2007,"Georgia",88.3,72.6,24.1,6.7,3.3,17.4,66.2,91.4
2007,"Hawaii",1.6,22.4,0,0,0.2,1.8,14,8
2007,"Idaho",1,10.9,4.5,1.6,1.1,3.5,9.5,0.7
2007,"Illinois",103,88.7,51.4,24.4,11.7,37.8,72.4,96.8
2007,"Indiana",148.1,57.4,28.9,9,5,53.5,44.8,122.1
2007,"Iowa",44,27.3,14,4.4,3.6,16.3,22,39
2007,"Kansas",37.4,27.3,15.4,3.9,1.8,16.6,19.2,38.6
2007,"Kentucky",96.4,48.1,12.5,3.4,2.6,22.2,34.4,94.4
2007,"Louisiana",23.6,129.9,73.9,2.1,2.6,134.1,50.5,38.1
2007,"Maine",0.6,16.8,3.5,3.8,2.1,3.5,8.9,2.6
2007,"Maryland",31,35.6,11,6.5,4.7,4.9,31.3,30.2
2007,"Massachusetts",11.3,46.3,22.2,13.4,5.3,4.4,33,23.7
2007,"Michigan",75.6,63,43.3,21,10,21.2,54.4,75.3
2007,"Minnesota",34.5,45.3,21,8.9,5.8,15.9,35.9,34.3
2007,"Mississippi",17.4,31.1,19.8,1.6,1.7,11.2,26.3,27.5
2007,"Missouri",75.8,50.2,14.8,6.7,4,12.5,42.2,75.4
2007,"Montana",19.2,14.6,4,1.7,0.9,6.6,8.8,19.8
2007,"Nebraska",20.5,16,8.2,2.6,1.8,7.6,12.4,20.3
2007,"Nevada",7.8,19.9,14,2.3,1.8,2.8,18,16.8
2007,"New Hampshire",4.2,11.4,3.4,2.7,1.4,0.9,7.3,6.7
2007,"New Jersey",10.6,86.4,34,16.1,11,12.5,72,19.4
2007,"New Mexico",28,18.4,12.7,2.2,1.6,8.9,15.3,31.1
2007,"New York",24.4,110.8,64.3,36.1,26.8,13.4,73.6,49.6
2007,"North Carolina",78.2,63.2,13,5.5,4.2,13,54.1,77.6
2007,"North Dakota",39.7,9.7,3,1,1.1,12.7,7,30.6
2007,"Ohio",138.1,87.8,44.3,18.9,10.3,38.7,71.7,130.6
2007,"Oklahoma",35.3,38.3,35.9,3.9,2.6,21.5,32,49.5
2007,"Oregon",4.3,25.7,13.8,2.7,1.9,5.4,24.1,9.7
2007,"Pennsylvania",140.6,96,41.3,21.6,12.3,46.6,71.1,126.3
2007,"Rhode Island",0,6.3,4.9,2.3,1,0.7,4.4,2.8
2007,"South Carolina",41.9,37.3,9.7,1.9,1.7,11.8,31.7,41.8
2007,"South Dakota",3.1,8,2.8,1.1,0.7,2.8,6.3,3
2007,"Tennessee",63.4,53.1,12.2,4,3.4,19.3,45.5,56.5
2007,"Texas",151.9,289.9,184.6,12.5,10.2,171.4,202.9,229.4
2007,"Utah",37,21.1,12.2,3.6,2.2,8.2,18.2,38.1
2007,"Vermont",0,6,0.5,1.5,0.6,0.6,3.8,0
2007,"Virginia",43.2,67.1,17.6,7.3,5.2,17.3,56.4,41.7
2007,"Washington",9,57.9,14.8,5.3,3.4,13.8,47.4,11.8
2007,"West Virginia",92.8,16.5,6.6,1.9,1.5,13.4,12.3,86.8
2007,"Wisconsin",43.9,39.4,21.5,9.5,5.5,15.4,30.6,43.8
2007,"Wyoming",46.8,11.9,7.7,0.9,0.8,12.5,8.7,43.5
2008,"Alabama",79.6,38.1,22.1,2.6,2,21.1,33,81.1
2008,"Alaska",1.4,19.8,18.2,1.7,2.3,16.9,15.2,3.3
2008,"Arizona",43.3,37.1,21.8,2.4,2.4,5.4,34.4,57.6
2008,"Arkansas",26.3,25.1,12.6,2.3,2.2,10.6,20,28.9
2008,"California",5.9,248.7,131.2,28.8,15.6,70.7,219.8,50.9
2008,"Colorado",36.4,33.7,27,8,4.6,13.9,29.6,41
2008,"Connecticut",4.3,24.4,8.9,8,3.3,1.9,16.4,8
2008,"Delaware",5.7,7.9,2.6,0.9,0.7,3.4,5,6.2
2008,"District of Columbia",0,1.3,1.7,0.8,1.1,0,1,0.1
2008,"Florida",65.5,121.6,51.5,1.4,4.8,11.6,103.7,117.1
2008,"Georgia",83.6,65.6,23.2,7.2,3.4,16,60.2,85.6
2008,"Hawaii",1.7,17.7,0,0.1,0.2,1.7,9.5,7.9
2008,"Idaho",0.8,9.9,4.9,1.8,1.1,3.4,8.6,0.7
2008,"Illinois",104.1,84,53.1,26.6,13,36.7,68.3,96.6
2008,"Indiana",146.9,53.8,29.5,9.7,6.1,50.4,41.5,122.5
2008,"Iowa",45.8,27.5,15.8,5.1,4.1,17.9,21.1,40.9
2008,"Kansas",35.1,24.2,15.5,4.6,2.1,13.1,18.7,36.3
2008,"Kentucky",96.7,45.3,12.3,3.7,2.5,21.6,31.5,95
2008,"Louisiana",24.8,134.5,70.6,2.2,1.6,138.9,47.5,39.7
2008,"Maine",0.5,14.5,4.1,3.1,2.1,3.2,8.1,2.6
2008,"Maryland",29.2,34,10.7,6.4,4.7,4.8,30.1,27.9
2008,"Massachusetts",10.1,44.6,22,14.3,5.6,3.9,32.7,20.2
2008,"Michigan",75.6,57.6,42.4,21.6,10.6,20.5,50.2,72.7
2008,"Minnesota",34,43.3,23.1,9.6,6.5,17.4,34,32.9
2008,"Mississippi",16.7,28.9,19.4,1.8,1.5,10.9,25.2,25.6
2008,"Missouri",74.8,46.7,15.9,7.6,4.6,11,39.5,74.7
2008,"Montana",19.1,13.6,4.2,1.8,1,6.2,8.2,19.7
2008,"Nebraska",22.1,15.3,9.2,2.9,2.1,7.7,12.1,21.8
2008,"Nevada",8.4,18,14.6,2.3,1.8,2.8,16.1,18
2008,"New Hampshire",3.8,11,3.9,2.7,1.4,0.9,7.1,6.6
2008,"New Jersey",9.2,85.9,33.7,15.9,10.6,10.8,72.9,18.6
2008,"New Mexico",26.8,16.1,13.4,2.3,1.8,7.9,13.9,30.4
2008,"New York",21.7,104.5,64,35,25.9,12.9,73.3,43.1
2008,"North Carolina",75,61,13.3,6,5,12,52.4,73.9
2008,"North Dakota",40.2,9.5,3.2,1.3,0.9,13.2,6.2,31.3
2008,"Ohio",135.8,84,43.6,19.2,11,38.2,67.5,127.5
2008,"Oklahoma",37,37.4,37.6,4.1,2.6,22.6,31.6,51.1
2008,"Oregon",4,24.2,14.5,2.8,2.1,5.4,22.3,10.1
2008,"Pennsylvania",133.9,94.8,41.3,25.3,11.7,46.1,66.2,120.7
2008,"Rhode Island",0,5.9,5,2.3,1,0.6,4.1,2.9
2008,"South Carolina",42,35.2,9.2,2,1.7,10.8,30.1,41.8
2008,"South Dakota",4,7.5,3.4,1.2,0.8,3.2,5.9,3.8
2008,"Tennessee",60.8,49.2,12.7,4.4,3.7,18.8,42.1,53.7
2008,"Texas",151.6,253.3,185.8,12,10.7,145.7,195.1,227.2
2008,"Utah",37.4,19.5,12.6,3.9,2.4,7.9,16.7,38.6
2008,"Vermont",0,5.5,0.5,1.3,0.6,0.6,3.5,0
2008,"Virginia",39.2,61.2,16.5,7,5,16.7,51.8,36.4
2008,"Washington",9,53.6,16.3,5.6,3.9,14.4,42.2,12.8
2008,"West Virginia",90.2,15.2,6.3,2,1.5,13,10.8,84.4
2008,"Wisconsin",45.4,37.8,22,10.2,6.5,14.7,29.5,44.3
2008,"Wyoming",47.3,11.9,7.8,0.9,1,12.6,8.5,44
2009,"Alabama",59.6,35.8,24.7,2.5,1.9,17.4,31.9,66.4
2009,"Alaska",1.4,18.2,18.2,1.8,2.2,17.3,13.4,3.1
2009,"Arizona",39,34.4,20,2.2,2.2,4.3,32.3,52.4
2009,"Arkansas",24.9,23.5,13.2,2.2,2.5,8.2,19.9,28.8
2009,"California",4.9,240.3,126.9,28.3,15.6,66.5,213.8,47.9
2009,"Colorado",33.1,32,27.8,7.6,4.6,13.6,28.7,38.4
2009,"Connecticut",2.5,23.5,10,8.1,3.3,2,16,6.6
2009,"Delaware",3.3,6.1,2.7,1,0.8,1.6,4.8,3.9
2009,"District of Columbia",0,1.2,1.8,0.8,1.1,0,1.1,0
2009,"Florida",54.9,111.9,57.4,1.4,4.8,10.4,97.2,110.4
2009,"Georgia",68.3,69.1,25.1,7.1,3.5,14.1,64.1,73.7
2009,"Hawaii",1.6,17.4,0,0.1,0.2,1.7,9.3,7.7
2009,"Idaho",0.8,9.8,4.7,1.7,1.1,3.3,8.5,0.7
2009,"Illinois",95.8,79.9,50.7,24.9,13.1,31.3,66.7,90.4
2009,"Indiana",128.6,51.9,27.2,8.9,5.8,44,39.9,109.1
2009,"Iowa",41.9,27.1,15,4.7,4.4,17.3,20.6,37
2009,"Kansas",33.6,23.8,15.5,4.4,2.1,11.8,19.3,35.3
2009,"Kentucky",88.4,44.5,11.3,3.6,2.3,19.3,31.9,87.1
2009,"Louisiana",23.8,122.9,68,2.2,2,126.1,46.7,37.7
2009,"Maine",0.2,14.3,3.8,2.9,1.8,2.9,8.4,2.3
2009,"Maryland",25.2,34.5,10.6,6.4,4.8,3.9,30.9,24.3
2009,"Massachusetts",8.7,39.9,21.7,13.8,5.8,3.2,30,17.5
2009,"Michigan",69.5,55.2,39.8,20.5,10.3,15.7,48.7,69.3
2009,"Minnesota",31,40.1,21.6,9,6.3,15.7,31.5,30.2
2009,"Mississippi",13.3,27.8,19.7,1.8,1.4,10,24.6,23
2009,"Missouri",72.3,44.7,14.2,7,4.1,9.4,38.7,72
2009,"Montana",16.3,12.5,4.1,1.8,1.4,4.9,7.8,17
2009,"Nebraska",23.6,15,8.9,2.7,1.9,7.5,12.3,23.1
2009,"Nevada",7.9,16.4,15,2.3,1.8,2.6,14.5,18.1
2009,"New Hampshire",3.1,10.5,3.3,2.5,1.3,0.8,7,5.3
2009,"New Jersey",5.6,72.1,33.8,15.5,11.1,9.1,61.1,14.7
2009,"New Mexico",28.9,15.1,13.1,2.2,1.5,7.2,13.6,32.6
2009,"New York",14.8,97.3,61.8,32.5,25.2,10.6,71.1,34.5
2009,"North Carolina",64,55.5,13.4,5.7,5.2,10.5,47.8,63.7
2009,"North Dakota",40,8.7,2.8,1.1,0.9,12.6,5.9,31
2009,"Ohio",119.5,78,40.9,18.4,10.8,32.5,62.9,113.8
2009,"Oklahoma",35.2,35.1,36.1,3.9,2.7,19.7,30.4,49.7
2009,"Oregon",3.1,24.1,13.4,2.8,2,4.7,22.3,8.8
2009,"Pennsylvania",115.3,85.1,44.5,19.8,10.8,36.1,64.9,113.3
2009,"Rhode Island",0,6.3,5.1,2.4,1.1,0.7,4.2,3
2009,"South Carolina",35.1,35.9,10.5,1.9,1.6,9.9,30.6,37.5
2009,"South Dakota",3.5,7.7,3.5,1.1,0.8,3.3,6.2,3.3
2009,"Tennessee",45.1,45.5,11.8,4.3,3.6,14.9,40.6,39
2009,"Texas",141.4,238,177.4,11.7,11.1,130.8,186.8,216.4
2009,"Utah",34.4,18.4,11.9,3.8,2.4,6.8,16.1,35.6
2009,"Vermont",0,5.6,0.5,1.5,0.6,0.5,3.5,0
2009,"Virginia",31.5,56.6,17.5,6.8,4.8,13,49.7,31.3
2009,"Washington",7.9,51.6,16.9,5.6,3.6,13.2,41.4,12.6
2009,"West Virginia",70.1,13.1,6.4,1.8,1.6,9.2,11.1,65.9
2009,"Wisconsin",40.2,35.2,20.8,9.3,5.8,12.8,28.8,39.5
2009,"Wyoming",44.8,11.3,7.9,1,1,11.9,8.2,41.9
2010,"Alabama",67.8,36.1,28.9,2.9,2.2,18.8,32.2,76.7
2010,"Alaska",1.4,19.6,17.7,1.7,2.5,16.6,14.8,3.1
2010,"Arizona",43.2,34.1,17.7,2.3,2.3,4.6,31.5,54.3
2010,"Arkansas",27.7,23.6,14.6,2.3,2.6,9.2,19.6,32.2
2010,"California",5.2,237.4,123.4,28.9,16,68.2,209.4,43.5
2010,"Colorado",36.2,32.5,26.9,7.8,4.3,14.6,29,39.9
2010,"Connecticut",2.7,22.7,10.8,7.5,3.3,1.9,15.8,7.7
2010,"Delaware",2.9,5.9,3,1.1,0.9,1.3,4.3,4.2
2010,"District of Columbia",0,1.5,1.8,0.8,1.2,0,1.1,0.2
2010,"Florida",60.1,119.3,62.5,1.6,5.2,11.7,104,119.4
2010,"Georgia",72.5,70.8,28.7,8.3,4,15,65.6,79.1
2010,"Hawaii",1.6,17.5,0,0.1,0.2,1.6,9.6,7.6
2010,"Idaho",0.8,10.6,4.5,1.6,1,3.4,9.2,0.7
2010,"Illinois",100.9,79.5,51.1,23.6,11.6,36.5,65.8,94
2010,"Indiana",136.4,51.6,30.8,8.6,5.5,48.4,42,114.3
2010,"Iowa",46.6,27,14.7,4.4,4.1,18.5,20.7,40.6
2010,"Kansas",33.9,23.9,14.8,4.2,1.9,12,19.1,35.4
2010,"Kentucky",95.3,43.2,12.6,3.7,2.3,18.7,32.4,94
2010,"Louisiana",24.5,134.4,76.3,2.7,2,138.8,49.2,42.5
2010,"Maine",0.2,13.7,4.3,2.7,1.7,2.9,8.4,2.5
2010,"Maryland",25,32.6,11.5,6.6,4.5,3.7,29.4,24.9
2010,"Massachusetts",8,40,23.8,13.5,6.7,3.6,29.8,18.2
2010,"Michigan",70.6,54.7,40.3,18.9,9.3,18.3,48.7,70.4
2010,"Minnesota",29.8,39.9,22.6,8.3,5.7,17.6,31.4,29.3
2010,"Mississippi",14.1,28.2,23.6,2,1.5,11.5,24.4,26.5
2010,"Missouri",75.6,44.5,15,6.9,4.1,9.3,38.8,76
2010,"Montana",19.2,11.6,3.8,1.6,1.2,4,8,19.8
2010,"Nebraska",24,16.8,9,2.6,1.9,8,14.3,23
2010,"Nevada",7.6,15.7,14.2,2.4,1.8,2.7,13.8,16.8
2010,"New Hampshire",3.2,10.1,3.3,2.3,1.3,0.7,6.9,5.4
2010,"New Jersey",6.8,71.9,35.6,14.6,10.9,8.8,62.3,17.7
2010,"New Mexico",25.3,14.9,13.1,2.3,1.6,7.2,13.2,29
2010,"New York",15.8,93.9,64.9,31.4,24.3,9.9,70.9,38.1
2010,"North Carolina",70.8,55.8,16.3,6.4,5.1,11.1,48.1,72.2
2010,"North Dakota",38.6,10.2,3.4,1,0.9,14,6.8,29.5
2010,"Ohio",127.8,78.7,43.1,17.6,10.6,36.3,64.3,120.8
2010,"Oklahoma",32.7,36.5,37,4.1,2.7,20.7,31.4,47.3
2010,"Oregon",4,23.8,13,2.6,1.9,4.6,22,9.7
2010,"Pennsylvania",123.3,84.7,48.2,20.2,10.5,41.5,64.4,119.6
2010,"Rhode Island",0,5.9,5.1,2.2,0.9,0.6,4.2,3.1
2010,"South Carolina",38.2,34.3,12.1,2.3,1.7,9,30.7,40.9
2010,"South Dakota",3.7,7.6,3.9,1.1,0.8,3.4,6.4,3.5
2010,"Tennessee",48.6,47.3,13.9,4.8,3.9,15.6,42.2,43.3
2010,"Texas",148.1,255.1,186.2,13.7,12,152.5,190.8,220.4
2010,"Utah",33.7,18.2,12.2,3.8,2.4,7.1,16,34.8
2010,"Vermont",0,5.5,0.5,1.3,0.6,0.6,3.5,0
2010,"Virginia",32.6,55.6,20.5,7.1,4.9,13.2,49.2,34.3
2010,"Washington",9,51.1,15.5,5.1,3.7,12.8,41,13
2010,"West Virginia",80,13.3,6.4,1.8,1.6,10.6,11.4,74.3
2010,"Wisconsin",43.3,35.3,20,8.6,5.2,12.9,29.3,42.6
2010,"Wyoming",45.6,11.3,8.1,0.9,0.9,12.3,8.2,42.7
2011,"Alabama",61.3,36.2,32.4,2.4,2.1,19.2,32.3,73.9
2011,"Alaska",1.5,19.1,18,1.7,2.7,16.9,14.1,3.2
2011,"Arizona",43.4,34.3,15.7,2.4,2.4,5,31.3,52.3
2011,"Arkansas",28.9,23.1,15.4,2.1,2.6,9.1,19.4,34.2
2011,"California",5.2,230.6,116.4,29.6,15.7,68.5,202,36.4
2011,"Colorado",34.8,31.5,25.3,7.7,3.9,13.2,28,38.8
2011,"Connecticut",0.6,21.6,12.4,7.1,3.5,2,15.4,6.6
2011,"Delaware",1.7,6.8,4.3,0.9,0.7,3.4,4,3.8
2011,"District of Columbia",0,1.2,1.8,0.7,1,0,1.1,0.2
2011,"Florida",52.2,111.3,65.6,1.4,4.7,10.3,102.3,110.4
2011,"Georgia",59.9,68.7,28.2,6.7,3.8,14.4,64,67.9
2011,"Hawaii",1.5,18,0,0.1,0.3,1.6,10.1,7.4
2011,"Idaho",0.7,10.5,4.4,1.7,1.1,3.5,8.9,0.4
2011,"Illinois",99.2,78.6,52.3,23.6,12.3,37.8,65.2,91.2
2011,"Indiana",125.4,51.7,33.9,8.3,5.3,46.8,41.9,108.7
2011,"Iowa",43.7,27,14.8,4.4,4.2,18.8,20.9,37.2
2011,"Kansas",32.7,23.1,15,4,1.9,12,18.7,34.2
2011,"Kentucky",95.4,41.8,12.2,3.5,2.3,18.3,31.8,93.5
2011,"Louisiana",25.5,133.2,79,2.3,1.9,138,49.3,46.2
2011,"Maine",0.2,13.4,4,2.7,1.9,2.7,8.2,2.1
2011,"Maryland",22.8,31.2,10.3,5.9,4.6,3.6,28.2,22
2011,"Massachusetts",4.1,39.4,24.6,13.6,6.3,3.9,30,14.3
2011,"Michigan",65.2,53.5,41.8,19.4,10,18.6,47.5,65
2011,"Minnesota",29.8,39.7,22.6,8.3,6.1,17.7,31.1,28.9
2011,"Mississippi",10.1,27.5,23.3,1.7,1.5,10.8,24,22.9
2011,"Missouri",78,42.6,14.6,6.5,4,8,38.1,78.6
2011,"Montana",15.6,11.9,4.3,1.7,1.3,4.1,8.1,16.6
2011,"Nebraska",27,16,9.1,2.6,1.8,8.5,13.8,25.4
2011,"Nevada",5.9,14.2,13.6,2.4,1.9,1.7,13.2,14.5
2011,"New Hampshire",2.3,10.2,3.9,2.4,1.4,0.8,6.8,5
2011,"New Jersey",4.7,74.7,35.9,13.9,11.6,9.8,64.3,15.7
2011,"New Mexico",26.9,15.3,13.5,2.2,1.6,7.5,13.6,30.8
2011,"New York",11.8,86.8,66.2,30.8,24.3,10.2,65.7,33.8
2011,"North Carolina",59,52.9,16.5,5.1,4.3,10.6,46.7,61.7
2011,"North Dakota",37.2,12.6,3.9,1.1,1.3,15,7.9,28.4
2011,"Ohio",115.2,77.2,45.1,17.6,10.5,35.3,63.5,110.6
2011,"Oklahoma",35.7,36.3,35.9,3.8,2.6,21.2,31.2,49.1
2011,"Oregon",3.3,23,10.8,2.8,1.9,5,21,6.4
2011,"Pennsylvania",114.2,81.5,53,19.4,10.3,42.3,62.5,114.2
2011,"Rhode Island",0,5.7,5.5,2.1,0.9,0.6,4.1,3.5
2011,"South Carolina",34.6,33.3,12.6,1.9,1.6,8.7,30.3,38
2011,"South Dakota",3,7.6,4,1,0.8,3.6,6.4,2.8
2011,"Tennessee",45.5,46.8,14.2,4.1,3.6,16.1,42.1,40.6
2011,"Texas",160,256.7,191.9,12,12.6,155.3,191,237.7
2011,"Utah",32.7,19.5,12.2,4,2.6,7.2,17,33.6
2011,"Vermont",0,5.3,0.5,1.3,0.6,0.6,3.3,0
2011,"Virginia",27.1,52.3,20.4,6.3,4.6,12.8,47.5,28.6
2011,"Washington",5.4,50.4,14.5,5.6,3.8,12.6,41,7.3
2011,"West Virginia",77.6,12.9,6.5,1.7,1.6,10.8,11,71.9
2011,"Wisconsin",42.3,34.4,21.2,8.9,5.6,13.2,28.3,41.9
2011,"Wyoming",44.2,11.4,8.5,0.9,1.2,13.4,7.6,41
2012,"Alabama",51.6,35.7,36,1.8,1.8,21.4,31.8,66.5
2012,"Alaska",1.5,18.1,18.4,1.7,2.7,17.3,13.2,3.1
2012,"Arizona",39.7,33.6,18,2.1,2.3,4.9,30.7,51.3
2012,"Arkansas",28,22.1,16,1.6,2.5,8.7,18.8,34.5
2012,"California",4.1,222.8,130.3,27.4,15.9,68.9,197.1,47.9
2012,"Colorado",34.9,31.5,24.2,7,3.3,13.4,27.9,39
2012,"Connecticut",0.9,20.7,12.5,6.6,3.2,2,15.1,7.2
2012,"Delaware",1.6,6.6,5.6,0.8,0.6,3.7,4.2,4.5
2012,"District of Columbia",0,1.1,1.5,0.7,0.9,0,1,0
2012,"Florida",45.6,105.6,71.6,1.1,4.7,10.6,99.4,107
2012,"Georgia",41.1,62.3,33.2,6,3.6,13.7,57.5,55.8
2012,"Hawaii",1.6,17.5,0,0.1,0.3,1.6,10,7.1
2012,"Idaho",0.5,10.4,4.8,1.6,1.2,3.3,8.9,0.7
2012,"Illinois",91.4,76.4,49.8,20.3,10.9,38,63.1,85.3
2012,"Indiana",112.3,49.6,34.8,7.1,4.6,45.3,40.9,98.8
2012,"Iowa",39.9,26.1,14.1,3.7,3.9,18.3,19.9,34.3
2012,"Kansas",29.1,22.9,14.3,3.1,1.6,12.4,18.5,30.7
2012,"Kentucky",85.9,40.4,12.4,2.8,2.1,16.9,30.4,86.5
2012,"Louisiana",22.5,121.4,81.5,1.8,1.8,133.7,45.2,42.9
2012,"Maine",0.1,11.9,3.8,2.2,1.6,2.4,7.8,1.8
2012,"Maryland",18.1,30.3,11.3,5.2,4.3,3.2,28,19
2012,"Massachusetts",2.3,36.6,22.8,11.7,5.2,3.4,29.3,12.1
2012,"Michigan",58.7,52.3,42.6,16.8,8.7,18.5,46.7,62.9
2012,"Minnesota",24.3,40,22.8,7.3,5.3,17.5,31.6,25.4
2012,"Mississippi",7.7,28.4,26.6,1.4,1.4,11.2,25.6,23.1
2012,"Missouri",72.5,41.4,13.7,5.2,3.6,8.8,36.9,73.1
2012,"Montana",14.8,11.6,3.9,1.4,1.1,4.5,7.8,15.5
2012,"Nebraska",25.8,16.1,8.5,2.1,1.5,9.1,13.3,24.4
2012,"Nevada",5,14.5,14.9,2.1,1.8,2.1,13.8,14.6
2012,"New Hampshire",1.3,9.3,4,2,1.2,0.7,6.6,4.1
2012,"New Jersey",2.4,66.4,35.6,12.4,10.4,10.1,56.7,14.8
2012,"New Mexico",24.9,15.4,13.4,2.1,1.6,7.5,13.6,28.9
2012,"New York",6.9,87.8,67,30.1,21,10.1,68.2,32.3
2012,"North Carolina",50.5,51.1,19.5,4.3,4.1,10.2,45.7,56.8
2012,"North Dakota",38.3,13.9,3.8,0.9,1.1,15.6,9,29.4
2012,"Ohio",96,75.7,46.1,15.3,9.6,37.3,61.5,94.1
2012,"Oklahoma",30.9,36.5,37.8,3.1,2.4,22,30.6,47.1
2012,"Oregon",2.7,22.5,11.8,2.7,1.8,4.9,20.7,6.9
2012,"Pennsylvania",102.9,78.5,57.2,17.2,9,43.4,61.7,107.3
2012,"Rhode Island",0,5.3,5.3,2.1,0.8,0.5,3.9,3.3
2012,"South Carolina",28.2,32.4,13.3,1.5,1.6,8,29.4,33.4
2012,"South Dakota",3.3,7.8,3.7,0.9,0.6,3.5,6.7,3.1
2012,"Tennessee",40,45,14.9,3.2,3.1,15.7,40.6,37.3
2012,"Texas",141.5,261.4,200.4,10.2,11.1,168.6,191.3,222.1
2012,"Utah",30.4,19,12.3,3.4,2.4,7.8,16.4,31.7
2012,"Vermont",0,5,0.4,1.1,0.6,0.4,3.3,0
2012,"Virginia",20.9,54.4,22.5,5.5,4.5,13,49.6,25.2
2012,"Washington",4,52.1,14.4,5.1,3.7,13.1,42.5,6.1
2012,"West Virginia",71.4,12.6,7.4,1.5,1.5,10.1,11.4,66.9
2012,"Wisconsin",35.2,33.5,21.8,7.6,4.8,12.8,28.3,37
2012,"Wyoming",46.2,11.7,8.4,0.8,1,13.2,8,43.3
2013,"Alabama",53.2,34.4,33.2,2.2,1.9,21,31.6,64.1
2013,"Alaska",1.4,17.2,17.6,1.5,2.4,17.5,12.1,2.7
2013,"Arizona",42.9,34.1,18.1,2.5,2.4,4.5,31.1,54.6
2013,"Arkansas",30.9,22.3,15.3,2.2,2.8,9.3,18.7,35.5
2013,"California",3.6,225.1,131.8,27.8,16,73,197.9,45.8
2013,"Colorado",34.3,31.5,25.6,8.2,3.7,13.5,27.5,38.5
2013,"Connecticut",0.7,21.4,12.7,7.3,3.5,2.2,15.1,6.7
2013,"Delaware",1.7,6.5,5.4,1,0.7,3.7,4.2,4
2013,"District of Columbia",0,1.1,1.8,0.8,1.1,0,1,0
2013,"Florida",47.7,108.1,66,1.1,5.1,11,100,104.6
2013,"Georgia",40.3,61.2,33.7,7,4,14.5,56,53.7
2013,"Hawaii",1.4,17.1,0,0.1,0.3,1.5,9.9,6.7
2013,"Idaho",0.7,10.7,5.6,1.9,1.2,3.4,9.2,1.3
2013,"Illinois",96.9,79,56.5,25.8,13.5,40,64,89.1
2013,"Indiana",112.9,52.7,36,8.7,5.4,46.4,42.6,98.5
2013,"Iowa",37.9,27.1,16.1,4.8,4.5,19.3,20.3,32.2
2013,"Kansas",30.9,23.6,15.4,4.2,2,12.2,19.5,32
2013,"Kentucky",86.3,40.2,12.6,3.5,2.3,17.2,30,86.1
2013,"Louisiana",21.5,119.4,77.1,2.2,1.8,127.7,45.5,40.8
2013,"Maine",0.2,13,3.4,2.4,1.6,2.5,8.7,1.4
2013,"Maryland",17.2,31.2,10.8,6.2,4.8,2.5,28.3,17.4
2013,"Massachusetts",4,38.5,23.2,12.3,6.8,3.6,30.4,12.6
2013,"Michigan",62.1,56.4,43.9,20.6,10.2,20.5,49,62.1
2013,"Minnesota",25.3,39.5,25.1,9.2,6.7,18.2,30.1,25.7
2013,"Mississippi",9.3,29.2,22.7,1.8,1.4,11.4,25,21.6
2013,"Missouri",76.2,41.9,14.9,6.7,4.3,8.9,37.3,75.8
2013,"Montana",15.7,11.9,4.3,1.5,1.2,4.6,8.1,16.5
2013,"Nebraska",27.6,16.3,9.6,2.8,2,9.2,13.5,26
2013,"Nevada",6.1,15.3,14.9,2.5,1.9,2.4,14.2,15.3
2013,"New Hampshire",1.6,9.9,2.9,2.3,1.3,0.8,6.7,3.3
2013,"New Jersey",2.4,67.4,37.8,14.7,10.6,9.7,58.3,14.3
2013,"New Mexico",24.2,15.6,13.5,2.4,1.7,7.2,13.8,28.2
2013,"New York",6.5,86.4,69.8,32,22.4,9.7,68.6,30
2013,"North Carolina",46.6,54.7,23.7,5.2,4.2,10.8,49.2,55.6
2013,"North Dakota",37.1,15.2,4.4,1,1.5,16.1,9.4,28.7
2013,"Ohio",104.1,77.2,50.6,18.1,11,38.5,62.8,101.5
2013,"Oklahoma",31.7,36.1,36.1,4.1,2.8,22.1,30.7,44.2
2013,"Oregon",3.7,22.5,12.9,2.8,1.8,4.8,20.7,9
2013,"Pennsylvania",105.9,79.9,62.4,20,10.5,50.7,61.1,105.9
2013,"Rhode Island",0,5.4,4.6,2.2,0.9,0.5,3.9,2.5
2013,"South Carolina",24.2,33.7,12.5,1.8,1.7,7.9,30.8,28.2
2013,"South Dakota",3.2,7.6,4.5,1.1,0.8,3.8,6.5,3.1
2013,"Tennessee",37.8,45.7,15.2,4.3,3.5,16.6,40.7,33.6
2013,"Texas",150.8,270.6,209.5,12.4,11.5,172.4,208.4,226.2
2013,"Utah",33.6,19.7,13.7,4,2.7,8.3,17.1,34.9
2013,"Vermont",0,5.2,0.6,1.3,0.8,0.4,3.3,0
2013,"Virginia",27.3,54.7,23.1,6.5,5,13,49.8,30.8
2013,"Washington",7.1,50.4,17.5,5.3,3.9,12.6,41.5,11.7
2013,"West Virginia",72.7,12.8,8.2,1.9,1.6,10.4,11.1,68.7
2013,"Wisconsin",43,34.1,24.1,9.8,6,14,28.1,43.3
2013,"Wyoming",49.2,11.2,8.3,1,1.1,12.7,7.7,46.2
2014,"Alabama",54.2,34.3,34.5,2.4,1.9,22.1,31.6,65
2014,"Alaska",1.7,15.9,17.5,1.4,2.4,16.9,11.5,2.9
2014,"Arizona",42.3,34.1,16.7,2,2.3,4.4,31.4,53
2014,"Arkansas",32,22.5,14.5,2.4,3.1,9.2,18.9,35.4
2014,"California",3.7,226.1,128.2,22.8,15,73.2,200.7,46.3
2014,"Colorado",33.1,32.2,26.3,7.9,3.7,14.3,28.1,37.6
2014,"Connecticut",0.9,21.5,12.9,7.5,3.8,2,15.2,6.8
2014,"Delaware",1,6.7,5.7,1,0.9,3.6,4.2,3.7
2014,"District of Columbia",0,1.1,1.9,0.9,1,0,1.1,0
2014,"Florida",52.7,109.3,66.1,1.2,5.2,11.1,101.4,109.2
2014,"Georgia",45.6,59.1,35.3,7.9,4.1,14.8,53.7,59.5
2014,"Hawaii",1.6,16.7,0,0,0.3,1.4,9.9,6.7
2014,"Idaho",0.7,10.9,4.9,1.6,1.1,3.5,9.3,1
2014,"Illinois",96,79.5,58.7,27,14.3,39.7,65.3,87.9
2014,"Indiana",115,53.4,38.5,9.3,5.9,45,43.4,103.3
2014,"Iowa",37.8,27.6,16.5,4.9,4.6,19,20.9,32.5
2014,"Kansas",29.9,24.6,15.4,4.4,2.3,12.2,20.4,30.6
2014,"Kentucky",86.2,39.3,13.9,3.7,2.5,15.9,30.8,86.5
2014,"Louisiana",19.9,118.3,80.2,2.5,2,130.7,43.9,39.3
2014,"Maine",0.2,13.1,3.3,2.5,1.7,1.9,8.9,1.6
2014,"Maryland",19,31.8,10.7,6.9,5.1,2.7,27.8,19
2014,"Massachusetts",2.8,38,23,13.6,7.2,3.4,28.8,10.8
2014,"Michigan",58.2,57.5,46.7,21.8,12.1,20.4,48.5,59.6
2014,"Minnesota",29.6,39.2,26,9.8,7.1,18.8,30,29.1
2014,"Mississippi",11,29.7,23.4,2,1.6,11.2,25.6,23.7
2014,"Missouri",73.7,42.4,15.9,7.2,4.7,9.3,37.6,73.2
2014,"Montana",16.6,11.5,4.2,1.6,1.3,4.5,7.8,17.1
2014,"Nebraska",26.1,16.4,9.5,2.7,2,9.2,13.9,24.2
2014,"Nevada",7.5,15.7,13.8,2,1.8,3.1,14.1,16
2014,"New Hampshire",1.4,10.4,3.1,2.6,1.4,0.9,6.7,3.3
2014,"New Jersey",2.9,68.3,42.3,16.1,12.3,9.7,58.7,16.7
2014,"New Mexico",20.3,16.2,13.6,2.1,1.6,7.6,14.3,24.5
2014,"New York",6.1,90.1,73.5,35.1,22,9.4,72.7,30.5
2014,"North Carolina",47.4,55,24.4,5.6,5.1,10.4,48.7,57
2014,"North Dakota",37.7,16.3,4.4,1,1.4,17.2,9.9,28.9
2014,"Ohio",99.6,76.8,55.5,19.5,11.6,39.8,63.2,97.8
2014,"Oklahoma",31.8,37.9,35.3,4.2,3,23.1,32.7,42
2014,"Oregon",3.2,22.7,11.9,2.5,1.7,4.8,20.9,7.9
2014,"Pennsylvania",97.7,80.8,66.7,22.2,11.2,52.5,60.4,98.9
2014,"Rhode Island",0,5.7,4.8,2.3,1.1,0.5,4.2,2.4
2014,"South Carolina",28.9,33.5,12.4,2,1.8,8.3,30.3,32.4
2014,"South Dakota",3.1,7.8,4.5,1.1,0.8,3.8,6.7,3
2014,"Tennessee",40.3,46.8,16.5,4.8,3.7,16.6,41.4,37.1
2014,"Texas",149.8,279.1,212.8,13.9,12.1,169.2,221.6,224.9
2014,"Utah",32.5,19.4,13.4,3.6,2.5,8.1,16.7,34.4
2014,"Vermont",0,5.3,0.6,1.4,0.8,0.4,3.3,0
2014,"Virginia",26.2,54.6,23.2,6.9,5.4,12.5,48.9,30.3
2014,"Washington",7.3,49.1,17,5.1,3.8,12.2,40.6,11.7
2014,"West Virginia",77.1,12.7,8.7,1.9,1.6,10.5,11.1,73.4
2014,"Wisconsin",39.4,36.4,25.4,10.2,6.5,14.4,30.3,39.8
2014,"Wyoming",46.2,11.9,7.4,0.9,1.1,12.2,8.1,43.2
